category_id,bbox,startor,receptor,file_name,evaluation,match_name_startor,match_name_receptor
activate_relation,"56.0889434814,230.2513427734,49.4455108643,56.9319458008",P130CAS,CRK,PMC2172299__200312013f8.jpg,FP,None,None
activate_relation,"200.3213195801,233.0341796875,52.0430145264,53.4815063477",RAC1,FAK,PMC2172299__200312013f8.jpg,FP,None,None
activate_relation,"371.4494628906,301.725982666,63.8994140625,38.4300842285",FAK,CDH2,PMC2172299__200312013f8.jpg,FP,None,None
activate_relation,"142.8100128174,375.8936462402,30.6426239014,37.4224243164",CELL,RAC1,PMC2172299__200312013f8.jpg,FP,None,RAC1
activate_relation,"403.5432434082,302.5789489746,30.4275512695,35.3092041016",CDH2,CDH2,PMC2172299__200312013f8.jpg,FP,None,None
inhibit_relation,"152.5704345703,35.3157806396,27.4482727051,38.3991241455",SMO,SHH,PMC2659383__bpa0019-0132-f3.jpg,FP,SMO,None
inhibit_relation,"228.9981231689,21.7229919434,51.5582427979,71.3227233887",SHH,SMO,PMC2659383__bpa0019-0132-f3.jpg,FP,None,None
activate_relation,"92.8012237549,247.3696289062,49.7730560303,45.1987915039",GLI,GLI,PMC2659383__bpa0019-0132-f3.jpg,TP,GLI,GLI
activate_relation,"219.8545379639,150.5636138916,60.8167877197,141.9528656006",SMO,MYC,PMC2659383__bpa0019-0132-f3.jpg,TP,SMO,MYC
activate_relation,"197.879119873,150.9675140381,32.7645263672,41.524810791",SMO,H,PMC2659383__bpa0019-0132-f3.jpg,DELETE,DELETE,DELETE
inhibit_relation,"200.5491485596,67.5715103149,27.3083190918,28.7108306885",SHH,SMO,PMC2659383__bpa0019-0132-f3.jpg,FP,None,None
activate_relation,"161.3271331787,328.6253662109,21.1825256348,85.8861083984",MYC,GLI,PMC2659383__bpa0019-0132-f3.jpg,FP,None,GLI
activate_relation,"276.6962585449,322.1753540039,21.6317138672,92.5016479492",GLI,MYC,PMC2659383__bpa0019-0132-f3.jpg,TP,GLI,MYC
inhibit_relation,"188.3828735352,64.8734207153,28.6011657715,27.7875061035",H,SMO,PMC2659383__bpa0019-0132-f3.jpg,DELETE,DELETE,DELETE
activate_relation,"584.0364379883,197.7274932861,48.362121582,44.6849060059",ATM,P53,PMC2988105__nihms224319f6.jpg,TP,ATM,p53
activate_relation,"287.9444274902,203.9467773438,62.9138793945,41.7425689697",P21, NAG-1,PMC2988105__nihms224319f6.jpg,FP,None,NAG
activate_relation,"302.7699584961,124.3165588379,90.0036315918,46.2559204102", NAG-1,HO,PMC2988105__nihms224319f6.jpg,FP,None,None
inhibit_relation,"154.936126709,313.5099487305,75.4008789062,134.3087158203", NAG-1,P21,PMC2988105__nihms224319f6.jpg,FP,None,p53
activate_relation,"422.5762634277,124.2078094482,110.6098937988,44.2787017822",HO,ATM,PMC2988105__nihms224319f6.jpg,FP,None,None
activate_relation,"140.7679290771,189.1813049316,112.3889465332,64.1929168701", NAG-1,P21,PMC2988105__nihms224319f6.jpg,FP,None,p53
activate_relation,"402.128112793,292.1985168457,93.7663269043,144.324432373",ATM, NAG-1,PMC2988105__nihms224319f6.jpg,TP,ATM,NAG
activate_relation,"551.6265869141,234.5238647461,15.3831176758,36.7493286133",P53,ATM,PMC2988105__nihms224319f6.jpg,FP,None,None
activate_relation,"536.6697387695,299.7582397461,98.6945800781,153.428527832", NAG-1,P53,PMC2988105__nihms224319f6.jpg,FP,None,p53
inhibit_relation,"536.3487548828,300.7781066895,98.5251464844,152.5407104492",ATM,P53,PMC2988105__nihms224319f6.jpg,FP,ATM,p53
activate_relation,"246.4259643555,441.015625,20.9621887207,78.5250854492",HAND2,NEURL,PMC3036164__nihms259428f8.jpg,FP,None,None
activate_relation,"254.2778930664,313.0712585449,130.4157104492,43.3974914551",EDN1,HAND2,PMC3036164__nihms259428f8.jpg,TP,EDN1,HAND2
activate_relation,"375.0912780762,224.435836792,16.3460388184,49.254776001",EDNRB,EDN1,PMC3036164__nihms259428f8.jpg,FP,None,None
activate_relation,"272.639251709,194.241104126,98.853515625,24.5835418701",EDN1,EDNRB,PMC3036164__nihms259428f8.jpg,TP,EDN1,EDNRB
activate_relation,"63.9892234802,309.6644897461,192.5746154785,56.6060791016",ALCAM,HAND2,PMC3036164__nihms259428f8.jpg,FP,None,HAND2
inhibit_relation,"142.0070648193,208.1694488525,32.5715332031,15.9053955078", AKT, AKT,PMC3068308__PRI2011-620601.004.jpg,FP,AKT,AKT
inhibit_relation,"142.2479553223,180.2310180664,31.6167907715,16.2225952148", AKT, AKT,PMC3068308__PRI2011-620601.004.jpg,FP,AKT,AKT
activate_relation,"131.1343688965,321.8653869629,10.7807312012,31.0093994141", AKT, AKT,PMC3068308__PRI2011-620601.004.jpg,TP,AKT,AKT
activate_relation,"227.3714294434,192.945022583,43.8915405273,22.3176116943", AKT, AKT,PMC3068308__PRI2011-620601.004.jpg,TP,AKT,AKT
inhibit_relation,"228.9435119629,304.9942321777,35.507232666,18.2312011719", AKT, AKT,PMC3068308__PRI2011-620601.004.jpg,FP,AKT,AKT
activate_relation,"130.4582977295,257.8095397949,12.3584899902,46.5535583496", AKT, AKT,PMC3068308__PRI2011-620601.004.jpg,TP,AKT,AKT
activate_relation,"313.6442260742,183.318145752,51.8139343262,11.7057647705", AKT, AKT,PMC3068308__PRI2011-620601.004.jpg,TP,AKT,AKT
activate_relation,"372.5818481445,134.0624389648,11.205291748,45.1151885986", AKT, AKT,PMC3068308__PRI2011-620601.004.jpg,TP,AKT,AKT
inhibit_relation,"300.976348877,184.0587615967,90.2027893066,81.6053924561", STAT,FOXP3,PMC3087811__nihms286343f8.jpg,FP,None,None
activate_relation,"18.4475669861,134.6532592773,57.874042511,58.427230835",CD126,GP130,PMC3087811__nihms286343f8.jpg,FP,None,None
activate_relation,"452.7989807129,289.0950622559,56.526550293,22.9767150879", STAT,FOXP3,PMC3087811__nihms286343f8.jpg,FP,None,None
activate_relation,"169.195602417,133.8118438721,56.8015289307,22.6413269043",CD126, STAT,PMC3087811__nihms286343f8.jpg,FP,None,None
activate_relation,"170.3340759277,290.2055664062,56.3657989502,21.7095336914", STAT,IL-2,PMC3087811__nihms286343f8.jpg,FP,None,None
activate_relation,"453.8264770508,133.4199523926,57.3575744629,23.4808959961", STAT,FOXP3,PMC3087811__nihms286343f8.jpg,FP,None,None
activate_relation,"311.7493591309,290.5819396973,56.3053894043,21.2061767578", STAT,FOXP3,PMC3087811__nihms286343f8.jpg,FP,None,None
activate_relation,"19.6266613007,224.9024658203,57.7007293701,68.8822021484",GP130,IL-2,PMC3087811__nihms286343f8.jpg,FP,None,None
activate_relation,"312.5742797852,133.9266357422,57.1040344238,22.527557373",CD126, STAT,PMC3087811__nihms286343f8.jpg,FP,None,None
inhibit_relation,"397.0348815918,188.3583679199,21.3253173828,68.535369873", STAT,FOXP3,PMC3087811__nihms286343f8.jpg,FP,None,None
activate_relation,"106.6058959961,20.5002498627,25.0356140137,40.0167541504",CD126,IL-6,PMC3087811__nihms286343f8.jpg,FP,None,None
activate_relation,"195.5474243164,788.5464477539,69.7200927734,68.1568603516", 2, AKT,PMC3233205__nihms323230f1.jpg,FP,None,AKT
activate_relation,"81.1409835815,584.7219238281,22.1381912231,54.2743530273",RAF, 2,PMC3233205__nihms323230f1.jpg,FP,RAF,None
activate_relation,"112.4646148682,685.7111816406,50.2100372314,62.9510498047",RAF, 2,PMC3233205__nihms323230f1.jpg,FP,RAF,None
activate_relation,"353.124420166,266.0633544922,62.0144042969,65.0609741211",P38, PKC,PMC3233205__nihms323230f1.jpg,FP,None,PKC
activate_relation,"290.7830200195,371.2166748047,33.7272949219,62.5331726074",P38, PKC,PMC3233205__nihms323230f1.jpg,FP,None,PKC
activate_relation,"392.6135559082,162.8369445801,34.5408630371,61.4703521729",P38, PKC,PMC3233205__nihms323230f1.jpg,FP,None,PKC
activate_relation,"303.162902832,476.2177734375,63.7125244141,63.6182250977", PKC,P38,PMC3233205__nihms323230f1.jpg,TP,PKC,p38
activate_relation,"400.5844726562,57.3125419617,68.7728881836,65.7323150635",P38, PKC,PMC3233205__nihms323230f1.jpg,FP,None,PKC
activate_relation,"158.2873687744,477.0743408203,106.5703887939,254.9923706055", PKC, 2,PMC3233205__nihms323230f1.jpg,FP,PKC,None
activate_relation,"349.0004882812,362.3589782715,168.4135742188,177.7043151855", PKC,JNK,PMC3233205__nihms323230f1.jpg,TP,PKC,JNK
activate_relation,"435.7839355469,69.79347229,48.3999328613,152.5458526611",P38, PKC,PMC3233205__nihms323230f1.jpg,FP,None,PKC
activate_relation,"327.0004577637,162.1130828857,50.3017578125,162.9632110596",P38, PKC,PMC3233205__nihms323230f1.jpg,FP,None,PKC
activate_relation,"120.4005889893,476.2155761719,134.2467651367,64.8913574219", PKC,RAF,PMC3233205__nihms323230f1.jpg,TP,PKC,RAF
activate_relation,"118.997505188,483.1405029297,139.3992004395,166.3993530273", PKC,RAF,PMC3233205__nihms323230f1.jpg,TP,PKC,RAF
activate_relation,"11.0067644119,562.8402099609,58.5830955505,85.9742431641",RAF, 2,PMC3233205__nihms323230f1.jpg,FP,RAF,None
activate_relation,"376.1773681641,490.3996887207,123.637298584,52.3305969238",P38,JNK,PMC3233205__nihms323230f1.jpg,FP,None,JNK
activate_relation,"81.4477996826,348.7514343262,212.3727874756,198.4305725098", PKC,RAF,PMC3233205__nihms323230f1.jpg,TP,PKC,RAF
activate_relation,"178.9629211426,558.0231933594,63.3681182861,186.2322998047",RAF, 2,PMC3233205__nihms323230f1.jpg,FP,RAF,None
activate_relation,"126.0816116333,412.7461547852,149.0594177246,190.893371582", PKC,RAF,PMC3233205__nihms323230f1.jpg,TP,PKC,RAF
activate_relation,"195.6826171875,316.0399169922,30.5735168457,38.5026550293", NF-KB1, IL-1B,PMC3341532__nihms-362544-f0008.jpg,TP,NF-KB,IL-1B
activate_relation,"184.0851593018,226.4463348389,18.4909973145,33.7812652588", NF-KB1, IL-1B,PMC3341532__nihms-362544-f0008.jpg,TP,NF-KB,IL-1B
activate_relation,"392.5344238281,317.7719116211,33.818939209,37.4274902344",COX8-2, MCP-1,PMC3341532__nihms-362544-f0008.jpg,FP,None,None
inhibit_relation,"99.8053741455,190.4318237305,42.6100921631,22.7590179443", IL-1B, NF-KB1,PMC3341532__nihms-362544-f0008.jpg,FP,None,NF-KB
inhibit_relation,"394.5458679199,104.120552063,42.8190917969,23.3947219849",ERK, ROS,PMC3341532__nihms-362544-f0008.jpg,FP,None,ROS
activate_relation,"419.7561645508,232.0352630615,17.3896179199,34.2334136963",ERK, MCP-1,PMC3341532__nihms-362544-f0008.jpg,FP,None,None
activate_relation,"201.2231292725,143.3712921143,40.9154205322,34.0392913818", ROS, NF-KB1,PMC3341532__nihms-362544-f0008.jpg,TP,ROS,NF-KB
activate_relation,"372.3121643066,147.1208190918,37.7655334473,29.7187957764",ERK, ROS,PMC3341532__nihms-362544-f0008.jpg,FP,None,ROS
activate_relation,"376.9359741211,131.8769226074,40.4636535645,33.0177764893",ERK, ROS,PMC3341532__nihms-362544-f0008.jpg,FP,None,ROS
activate_relation,"318.6491699219,340.2998657227,88.6591491699,60.2890930176",COX8-2, MCP-1,PMC3341532__nihms-362544-f0008.jpg,FP,None,None
activate_relation,"318.8876647949,914.8071289062,77.9104614258,41.1672363281", CBF1, MAM,PMC3365567__nihms378339f1.jpg,FP,CBF1,None
activate_relation,"105.3372650146,141.1718139648,41.6590576172,15.2950134277", P85,PI3K,PMC3502787__CHRP2012-817304.002.jpg,FP,P85,None
inhibit_relation,"200.4698028564,146.3700408936,16.6246490479,37.7260131836",PI3K, P85,PMC3502787__CHRP2012-817304.002.jpg,FP,None,None
inhibit_relation,"271.2917175293,145.9899139404,16.2918701172,39.1795501709", P85,PI3K,PMC3502787__CHRP2012-817304.002.jpg,FP,P85,None
activate_relation,"169.7488555908,191.3767852783,26.7528381348,59.8773651123", P85, AKT,PMC3502787__CHRP2012-817304.002.jpg,TP,P85,AKT
activate_relation,"338.4737243652,195.9917297363,47.7591552734,59.9336242676",PI3K, AKT,PMC3502787__CHRP2012-817304.002.jpg,FP,None,AKT
activate_relation,"271.0203552246,145.9420776367,16.5864562988,39.8320465088", P85,PI3K,PMC3502787__CHRP2012-817304.002.jpg,FP,P85,None
activate_relation,"565.5462646484,498.1909484863,28.9052734375,61.1081848145", CED-6,GULP,PMC3521709__pgen.1003115.g001.jpg,FP,None,None
activate_relation,"271.9270324707,89.0510787964,27.0787353516,43.9063491821", CED-12, CED-12,PMC3521709__pgen.1003115.g001.jpg,FP,None,CED-1
activate_relation,"272.124420166,350.7042236328,27.2989807129,50.7250061035",DOCK180,RAC,PMC3521709__pgen.1003115.g001.jpg,FP,DOCK180,None
activate_relation,"566.3726806641,350.8733825684,26.6893310547,50.6578369141", CED-6,GULP,PMC3521709__pgen.1003115.g001.jpg,FP,None,None
activate_relation,"566.7597045898,86.7485961914,26.5413818359,40.7613983154",ABC1, CED-12,PMC3521709__pgen.1003115.g001.jpg,TP,ABC1,CED-1
activate_relation,"272.8604125977,224.2497711182,25.5270996094,37.6563568115",DOCK180,RAC,PMC3521709__pgen.1003115.g001.jpg,FP,DOCK180,None
activate_relation,"178.1633453369,496.9671936035,28.4577178955,65.2169494629",RAC, WAVE,PMC3521709__pgen.1003115.g001.jpg,FP,None,None
activate_relation,"567.2051391602,223.542678833,26.3120727539,34.7098846436",MEGF10, CED-6,PMC3521709__pgen.1003115.g001.jpg,TP,MEGF10,CED-1
inhibit_relation,"40.9683647156,216.5037536621,39.8859825134,187.6168823242",ABL, WAVE,PMC3521709__pgen.1003115.g001.jpg,FP,None,None
inhibit_relation,"336.0461730957,258.0925598145,26.8577880859,38.7177124023", NF-KB1, NF-KB1,PMC3591436__pone.0053370.g006.jpg,TP,NF-KB,NF-KB
activate_relation,"232.7764282227,270.8227233887,17.7779846191,43.1969299316", NF-KB1, NF-KB1,PMC3591436__pone.0053370.g006.jpg,TP,NF-KB,NF-KB
activate_relation,"126.5950775146,184.2574005127,16.6612243652,37.7944488525", NF-KB1, NF-KB1,PMC3591436__pone.0053370.g006.jpg,TP,NF-KB,NF-KB
activate_relation,"126.8887939453,251.4545898438,16.9700164795,41.8969421387", NF-KB1, NF-KB1,PMC3591436__pone.0053370.g006.jpg,TP,NF-KB,NF-KB
inhibit_relation,"139.466583252,191.5219421387,31.850479126,18.9061431885", NF-KB1, NF-KB1,PMC3591436__pone.0053370.g006.jpg,TP,NF-KB,NF-KB
activate_relation,"87.6698913574,181.9217071533,50.672454834,29.3901672363", NF-KB1, NF-KB1,PMC3591436__pone.0053370.g006.jpg,TP,NF-KB,NF-KB
activate_relation,"268.5379943848,260.1432495117,57.1792297363,41.132598877", NF-KB1, NF-KB1,PMC3591436__pone.0053370.g006.jpg,TP,NF-KB,NF-KB
activate_relation,"499.7301025391,103.411529541,66.7196655273,18.4035949707", NF-KB1, NF-KB1,PMC3591436__pone.0053370.g006.jpg,TP,NF-KB,NF-KB
activate_relation,"363.8850402832,130.3768768311,76.2900390625,238.2589263916", NF-KB1, NF-KB1,PMC3591436__pone.0053370.g006.jpg,TP,NF-KB,NF-KB
activate_relation,"115.1223373413,182.8244476318,25.8248977661,36.7695770264", NF-KB1, NF-KB1,PMC3591436__pone.0053370.g006.jpg,TP,NF-KB,NF-KB
activate_relation,"325.4561462402,46.4664154053,23.2668762207,44.7159347534",MLST8, ROS,PMC3655991__pone.0064344.g007.jpg,FP,None,None
activate_relation,"324.2380065918,130.9644012451,24.4746704102,49.8492736816", ROS,MLST8,PMC3655991__pone.0064344.g007.jpg,FP,None,None
activate_relation,"190.7922821045,738.3283691406,64.263458252,81.2664794922",RNASE7,JNK,PMC3655991__pone.0064344.g007.jpg,FP,None,None
activate_relation,"315.9869689941,274.5989685059,42.4637145996,65.9922790527", RAPTOR,IRE1,PMC3655991__pone.0064344.g007.jpg,FP,None,IRE1
activate_relation,"182.2838745117,560.1229248047,88.2406616211,121.7106933594",RNASE7,JNK,PMC3655991__pone.0064344.g007.jpg,FP,None,None
activate_relation,"371.9106445312,608.4456787109,87.5173339844,69.583984375",JNK,RNASE7,PMC3655991__pone.0064344.g007.jpg,FP,None,None
inhibit_relation,"223.1995391846,554.9890136719,76.8371734619,64.3687744141", CEPU-1, CED-4,PMC3789177__cddis2013319f6.jpg,FP,None,CED-3
inhibit_relation,"95.1264419556,552.9994506836,65.3962173462,67.3967895508", CEPU-1, CED-4,PMC3789177__cddis2013319f6.jpg,FP,None,CED-3
activate_relation,"414.247253418,396.2548217773,38.4913330078,67.2956542969", CED-4, CEPU-1,PMC3789177__cddis2013319f6.jpg,FP,CED-4,None
activate_relation,"169.6886138916,951.8214111328,42.0157775879,69.4617919922", CEPU-1, CED-4,PMC3789177__cddis2013319f6.jpg,FP,None,CED-3
inhibit_relation,"171.1817169189,674.5919189453,38.7723083496,70.8873291016", CEPU-1, CED-4,PMC3789177__cddis2013319f6.jpg,FP,None,CED-3
inhibit_relation,"188.0416717529,95.8838806152,94.4153289795,88.3630371094", CEPU-1, DLC-1,PMC3789177__cddis2013319f6.jpg,FP,None,None
activate_relation,"169.2175598145,822.9505004883,42.1116943359,68.5045776367", CEPU-1, CED-4,PMC3789177__cddis2013319f6.jpg,FP,None,CED-3
activate_relation,"464.2289123535,203.8894195557,169.3348693848,148.4709014893", DLC-1, CEPU-1,PMC3789177__cddis2013319f6.jpg,FP,DLC-1,None
activate_relation,"381.3243103027,443.6965637207,40.5856933594,54.2304992676",LRP1,CYPA,PMC3920964__cddis2013410f5.jpg,TP,LRP1,CYPA
activate_relation,"331.2861022949,685.5821533203,45.4085388184,52.1854248047",LRP1,CYPA,PMC3920964__cddis2013410f5.jpg,TP,LRP1,CYPA
activate_relation,"444.7100524902,685.3022460938,40.7242736816,52.6552124023",LRP1,CYPA,PMC3920964__cddis2013410f5.jpg,TP,LRP1,CYPA
activate_relation,"392.2231140137,803.2941894531,28.4895324707,47.1528320312",LRP1,CYPA,PMC3920964__cddis2013410f5.jpg,TP,LRP1,CYPA
activate_relation,"307.2192993164,370.0458679199,55.4297790527,43.8041381836",LRP1,CYPA,PMC3920964__cddis2013410f5.jpg,TP,LRP1,CYPA
inhibit_relation,"409.6695556641,141.3744659424,87.5268249512,122.964553833",APOER2,LRP1,PMC3920964__cddis2013410f5.jpg,FP,None,LRP1
activate_relation,"395.6138000488,912.7676391602,23.8047180176,42.9498291016",LRP1,CYPA,PMC3920964__cddis2013410f5.jpg,TP,LRP1,CYPA
activate_relation,"224.0694580078,137.421875,147.7418518066,130.2588806152",APOER2,LRP1,PMC3920964__cddis2013410f5.jpg,FP,None,LRP1
activate_relation,"404.2260131836,534.4420776367,67.5209655762,68.0717163086",LRP1,CYPA,PMC3920964__cddis2013410f5.jpg,TP,LRP1,CYPA
activate_relation,"342.2783813477,538.4958496094,71.5869140625,64.6192016602",LRP1,CYPA,PMC3920964__cddis2013410f5.jpg,TP,LRP1,CYPA
activate_relation,"342.3927612305,308.7635498047,51.2721557617,64.753326416",LRP1,CYPA,PMC3920964__cddis2013410f5.jpg,TP,LRP1,CYPA
activate_relation,"375.9088134766,118.0366210938,25.8988647461,124.3306274414",APOER2,LRP1,PMC3920964__cddis2013410f5.jpg,FP,None,LRP1
activate_relation,"367.5234680176,534.7796630859,75.813293457,68.7562255859",LRP1,CYPA,PMC3920964__cddis2013410f5.jpg,TP,LRP1,CYPA
activate_relation,"407.4093017578,137.9971923828,91.7508239746,126.1970214844",APOER2,LRP1,PMC3920964__cddis2013410f5.jpg,FP,None,LRP1
activate_relation,"162.5375671387,158.2343902588,100.5414428711,61.0852203369",PI3K,PDK1,PMC3932947__2040-2392-5-9-7.jpg,TP,PI3K,PDK1
activate_relation,"363.7427978516,350.2690429688,89.8869018555,58.7079467773", S6K, P,PMC3932947__2040-2392-5-9-7.jpg,FP,None,None
activate_relation,"336.131652832,161.1943054199,108.0121765137,48.6949920654",PI3K, AKT,PMC3932947__2040-2392-5-9-7.jpg,TP,PI3K,AKT
activate_relation,"141.8721923828,251.1393890381,108.6607666016,141.9459381104",PDK1, P,PMC3932947__2040-2392-5-9-7.jpg,FP,PDK1,None
activate_relation,"154.365737915,431.7411193848,111.6507415771,43.6402893066", S6K, P,PMC3932947__2040-2392-5-9-7.jpg,FP,None,None
activate_relation,"339.2797241211,427.5106201172,105.8182678223,42.4968566895",TORC1, P,PMC3932947__2040-2392-5-9-7.jpg,FP,None,None
activate_relation,"287.6799621582,107.236000061,17.8297424316,37.7702102661", P,PI3K,PMC3932947__2040-2392-5-9-7.jpg,FP,None,None
activate_relation,"500.5854492188,279.3787536621,18.4418945312,57.0729370117", AKT,TORC1,PMC3932947__2040-2392-5-9-7.jpg,FP,None,None
activate_relation,"474.2791748047,193.9529571533,62.5854492188,47.1204528809",PI3K, NF-KB1,PMC3946494__nihms540696f6.jpg,FP,None,NF-KB
activate_relation,"379.4948425293,295.2493591309,44.0844726562,75.1117248535", NF-KB1, NF-KB1,PMC3946494__nihms540696f6.jpg,TP,NF-KB,NF-KB
activate_relation,"372.7521972656,116.1620788574,46.866394043,21.4849395752", AKT,PI3K,PMC3946494__nihms540696f6.jpg,FP,AKT,None
activate_relation,"413.5867919922,427.7894287109,20.4998168945,83.9843139648", NF-KB1, NF-KB1,PMC3946494__nihms540696f6.jpg,TP,NF-KB,NF-KB
activate_relation,"342.3814697266,504.4767150879,42.6803894043,38.1644592285", NF-KB1, 2,PMC3946494__nihms540696f6.jpg,FP,NF-KB,None
inhibit_relation,"395.9844970703,499.8525695801,32.997467041,63.4113464355",CHK1,CELL,PMC3978517__genes-05-00147-g002.jpg,FP,None,None
activate_relation,"379.1988830566,270.9372558594,25.0250854492,60.9638366699",ATR,CHK1,PMC3978517__genes-05-00147-g002.jpg,FP,ATR,None
inhibit_relation,"396.9932861328,385.233581543,30.5101013184,65.6707763672",CHK1,CELL,PMC3978517__genes-05-00147-g002.jpg,FP,None,None
activate_relation,"402.2886962891,269.1669006348,22.1975708008,63.788269043",ATR,CHK1,PMC3978517__genes-05-00147-g002.jpg,FP,ATR,None
activate_relation,"403.0126342773,152.791015625,19.7417297363,62.9326934814",TOPBP1,ATR,PMC3978517__genes-05-00147-g002.jpg,FP,None,None
activate_relation,"384.1213378906,152.6961364746,18.8630065918,64.3298492432",ATRIP,ATR,PMC3978517__genes-05-00147-g002.jpg,FP,None,None
activate_relation,"125.0981292725,150.2949371338,210.1136016846,110.3580474854",ATRIP,ANA,PMC3978517__genes-05-00147-g002.jpg,FP,None,None
activate_relation,"379.958190918,384.8805847168,25.2916259766,61.6854553223",CHK1,CELL,PMC3978517__genes-05-00147-g002.jpg,FP,None,None
activate_relation,"259.9597473145,153.6520690918,123.1334533691,44.0457763672",ATR,ATRIP,PMC3978517__genes-05-00147-g002.jpg,FP,ATR,None
activate_relation,"378.4484863281,495.3748168945,27.6901855469,62.3519287109",CHK1,CELL,PMC3978517__genes-05-00147-g002.jpg,FP,None,None
activate_relation,"430.6101989746,150.1890411377,123.2787780762,47.3293151855",TOPBP1, FPC,PMC3978517__genes-05-00147-g002.jpg,FP,None,FPC
activate_relation,"340.0549316406,734.9065551758,43.846282959,69.2621459961", NF-KB1, IL-1H2,PMC4057701__ijms-15-07711f2.jpg,TP,NF-KB,IL-12
activate_relation,"338.0314331055,513.6578369141,49.7945251465,66.4598388672", NF-KB1, IL-1H2,PMC4057701__ijms-15-07711f2.jpg,TP,NF-KB,IL-12
activate_relation,"339.5595397949,865.213684082,47.3635253906,117.1307983398", NF-KB1, IL-1H2,PMC4057701__ijms-15-07711f2.jpg,TP,NF-KB,IL-12
activate_relation,"301.250579834,295.7521972656,77.1332397461,186.0369262695", NF-KB1, IL-1H2,PMC4057701__ijms-15-07711f2.jpg,TP,NF-KB,IL-12
activate_relation,"339.5592346191,266.7225036621,112.1411132812,55.7193603516",MYD88, NF-KB1,PMC4057701__ijms-15-07711f2.jpg,FP,None,None
activate_relation,"341.5880126953,165.5416107178,115.6141967773,152.5125274658",MYD88, NF-KB1,PMC4057701__ijms-15-07711f2.jpg,FP,None,None
activate_relation,"338.2596130371,482.2752380371,25.8297729492,50.2110290527",H,IGF1R,PMC4061041__pone.0099983.g006.jpg,DELETE,DELETE,DELETE
activate_relation,"335.9268188477,591.4290161133,30.6303100586,52.8686523438",H,IGF1R,PMC4061041__pone.0099983.g006.jpg,DELETE,DELETE,DELETE
activate_relation,"335.9219360352,376.2900390625,30.4887390137,50.4446411133",ATM,IGF1R,PMC4061041__pone.0099983.g006.jpg,FP,ATM,None
activate_relation,"336.7342529297,272.5973510742,28.9217529297,48.6117553711",H,ATM,PMC4061041__pone.0099983.g006.jpg,DELETE,DELETE,DELETE
activate_relation,"337.2862854004,698.5745849609,29.9034118652,50.630859375",H,IGF1R,PMC4061041__pone.0099983.g006.jpg,DELETE,DELETE,DELETE
inhibit_relation,"205.2437133789,218.2090148926,78.8978271484,48.6497497559",ATM,H,PMC4061041__pone.0099983.g006.jpg,DELETE,DELETE,DELETE
inhibit_relation,"177.7142333984,429.7602233887,76.5162506104,50.0822753906",IGF1R,H,PMC4061041__pone.0099983.g006.jpg,DELETE,DELETE,DELETE
activate_relation,"354.1170959473,134.670715332,179.8309631348,133.9545593262",ATM,RS,PMC4061041__pone.0099983.g006.jpg,FP,ATM,None
activate_relation,"339.9341125488,137.9696960449,23.0000305176,70.9646606445", DAMAGE,ATM,PMC4061041__pone.0099983.g006.jpg,FP,None,ATM
activate_relation,"533.8824462891,264.5765380859,55.2083740234,83.9603881836",SMAD2,SMAD2,PMC4074601__nihms577797f8.jpg,TP,SMAD2,SMAD2
inhibit_relation,"556.3162231445,800.6148071289,50.360534668,80.8435668945", SNON, 2,PMC4074601__nihms577797f8.jpg,FP,SNON,None
activate_relation,"573.1131591797,659.8603515625,80.3325805664,101.8403930664",SMAD2, SNON,PMC4074601__nihms577797f8.jpg,TP,SMAD2,SNON
activate_relation,"173.7819519043,881.1530151367,69.9150085449,59.5283813477", 2,ACTIVIN,PMC4074601__nihms577797f8.jpg,FP,None,None
activate_relation,"557.1561889648,879.1189575195,63.4107055664,62.5241699219", 2,CD61,PMC4074601__nihms577797f8.jpg,FP,None,CD61
activate_relation,"642.0738525391,658.6597900391,66.5682373047,101.8970947266", SNON, SNON,PMC4074601__nihms577797f8.jpg,TP,SNON,SNON
activate_relation,"726.9085693359,817.8864746094,36.1080322266,122.2661743164", SNON,CD61,PMC4074601__nihms577797f8.jpg,TP,SNON,CD61
activate_relation,"547.7186889648,56.4439735413,44.2259521484,78.1474914551",SMAD2,ACTIVIN,PMC4074601__nihms577797f8.jpg,FP,SMAD2,None
activate_relation,"520.5466308594,425.7942504883,37.7019042969,158.3139038086",SMAD2,SMAD2,PMC4074601__nihms577797f8.jpg,TP,SMAD2,SMAD2
activate_relation,"582.6086425781,750.8579711914,120.7818603516,37.8225097656", SNON, SNON,PMC4074601__nihms577797f8.jpg,TP,SNON,SNON
activate_relation,"249.658416748,326.8036193848,164.7647094727,528.6037597656",SMAD2,ACTIVIN,PMC4074601__nihms577797f8.jpg,FP,SMAD2,None
activate_relation,"77.6598205566,182.0494384766,23.6120223999,47.6810913086", GPCR,GA,PMC4252843__nihms611316f5.jpg,FP,None,None
activate_relation,"57.4604301453,52.0617027283,23.565196991,49.3119697571",CTF, GPCR,PMC4252843__nihms611316f5.jpg,TP,CTF,GPCR
activate_relation,"161.5350646973,282.8282165527,48.8444824219,36.4216918945",GA, PKC,PMC4252843__nihms611316f5.jpg,FP,None,None
activate_relation,"496.0220031738,66.6981964111,46.6714782715,41.8103027344",HBEGF,EGFR,PMC4252843__nihms611316f5.jpg,TP,HB-EGF,EGFR
activate_relation,"280.5790710449,161.4939727783,23.2395629883,48.6170349121", PKC,CA2,PMC4252843__nihms611316f5.jpg,FP,None,None
activate_relation,"318.7432861328,67.9020996094,47.4540100098,38.8606796265",CA2,HBEGF,PMC4252843__nihms611316f5.jpg,FP,None,HB-EGF
activate_relation,"473.5375976562,245.2590789795,26.2397155762,45.3767852783",TLR4, HIF1,PMC4536527__srep13092-f8.jpg,FP,TLR4,None
activate_relation,"493.0538635254,314.0964050293,26.6389465332,47.0733032227",VEGF, HIF1,PMC4536527__srep13092-f8.jpg,FP,None,None
activate_relation,"298.6829223633,520.2518920898,20.7734985352,36.628112793", HIF1,VEGF,PMC4536527__srep13092-f8.jpg,TP,HIF1,VEGF
activate_relation,"125.6214904785,519.9208984375,19.5225372314,35.9755249023", HIF1,VEGF,PMC4536527__srep13092-f8.jpg,TP,HIF1,VEGF
activate_relation,"188.9152526855,548.975769043,68.9351501465,44.01953125", HIF1,VEGF,PMC4536527__srep13092-f8.jpg,TP,HIF1,VEGF
activate_relation,"514.0930786133,391.7411804199,21.9384155273,65.4627075195", HIF1,VEGF,PMC4536527__srep13092-f8.jpg,TP,HIF1,VEGF
activate_relation,"462.8207092285,535.5736083984,74.4898986816,50.8317871094", HIF1,VEGF,PMC4536527__srep13092-f8.jpg,TP,HIF1,VEGF
activate_relation,"418.1799621582,117.6054229736,46.2448730469,102.7599334717", HIF1,TLR4,PMC4536527__srep13092-f8.jpg,FP,HIF1,None
activate_relation,"326.3217163086,95.0990524292,108.2575378418,38.1853561401", HIF1,TLR4,PMC4536527__srep13092-f8.jpg,FP,HIF1,None
activate_relation,"549.2667236328,474.6416320801,114.557434082,44.9714050293", HIF1,VEGF,PMC4536527__srep13092-f8.jpg,TP,HIF1,VEGF
activate_relation,"449.1340026855,98.0485534668,266.1218566895,254.6470947266",TLR4,IL-6,PMC4536527__srep13092-f8.jpg,TP,TLR4,IL-6
activate_relation,"333.0916748047,117.8525238037,110.2087402344,101.2355041504", HIF1,TLR4,PMC4536527__srep13092-f8.jpg,FP,HIF1,None
activate_relation,"650.8984375,473.1744995117,30.3413085938,53.582824707",TNF,VEGF,PMC4536527__srep13092-f8.jpg,FP,None,VEGF
activate_relation,"646.6594848633,422.890411377,96.2760620117,87.9066772461",TNF,VEGF,PMC4536527__srep13092-f8.jpg,FP,None,VEGF
inhibit_relation,"370.8898010254,292.1543884277,20.7057495117,45.9010620117", B,CDC25C,PMC4826221__oncotarget-07-4490-g009.jpg,FP,None,CDC25C
inhibit_relation,"218.5520172119,28.7586956024,85.8761138916,68.2332382202", NAC,GL,PMC4826221__oncotarget-07-4490-g009.jpg,FP,NAC,None
inhibit_relation,"459.6840209961,148.813949585,51.5426940918,20.1491699219",CDC25C, NAC,PMC4826221__oncotarget-07-4490-g009.jpg,FP,None,None
inhibit_relation,"445.2094116211,260.3939208984,51.919708252,20.3629150391",CDK1,CDC25C,PMC4826221__oncotarget-07-4490-g009.jpg,TP,CDK,CDC25C
activate_relation,"68.7542266846,408.3265686035,84.0134124756,38.7795410156",CDC25C, B,PMC4826221__oncotarget-07-4490-g009.jpg,FP,None,None
activate_relation,"196.5286560059,56.194026947,14.0479431152,55.1542396545", NAC,GL,PMC4826221__oncotarget-07-4490-g009.jpg,FP,NAC,None
activate_relation,"165.0091400146,183.8565826416,190.5598907471,84.635269165",CDC25C, B,PMC4826221__oncotarget-07-4490-g009.jpg,FP,None,None
activate_relation,"374.0849304199,181.1241760254,15.0696411133,64.3149414062", NAC,CDC25C,PMC4826221__oncotarget-07-4490-g009.jpg,TP,NAC,CDC25C
activate_relation,"222.3038482666,116.5555267334,96.1923675537,25.817855835",GL, NAC,PMC4826221__oncotarget-07-4490-g009.jpg,FP,GL,None
activate_relation,"312.6390075684,501.0492553711,25.4216308594,50.1461791992",CELL, AP-1,PMC5037850__ijms-17-01585-g001.jpg,FP,None,AP
activate_relation,"317.2631530762,392.7242126465,22.6660461426,52.6105957031",C-JUN, AP-1,PMC5037850__ijms-17-01585-g001.jpg,FP,None,AP
activate_relation,"169.0865020752,194.8148040771,76.5005187988,51.056060791",C-JUN, AP-1,PMC5037850__ijms-17-01585-g001.jpg,FP,None,AP
activate_relation,"157.6396636963,112.5739822388,99.8416900635,59.0557022095", AP-1,C-JUN,PMC5037850__ijms-17-01585-g001.jpg,FP,AP,None
activate_relation,"312.547088623,593.6948242188,25.9970397949,76.2998657227", AP-1,CELL,PMC5037850__ijms-17-01585-g001.jpg,FP,AP,None
activate_relation,"318.4018554688,219.2101287842,20.2217102051,96.1714630127",C-JUN, AP-1,PMC5037850__ijms-17-01585-g001.jpg,FP,None,AP
activate_relation,"514.0224609375,464.8644714355,118.4749145508,26.0588684082",C-JUN,FAS,PMC5037850__ijms-17-01585-g001.jpg,FP,None,FAS
activate_relation,"161.0811767578,244.100189209,73.9624786377,43.4654541016",WIP, CACTIN,PMC5148706__nihms828371f2.jpg,FP,WIP,None
activate_relation,"134.9859466553,140.4640197754,56.1260070801,18.5536804199",N-WASP,WIP,PMC5148706__nihms828371f2.jpg,TP,N-WASP,WIP
activate_relation,"285.1841430664,317.5757751465,20.5048828125,47.2333984375",N-WASP, CACTIN,PMC5148706__nihms828371f2.jpg,FP,N-WASP,None
activate_relation,"54.2723121643,174.1166381836,38.0808296204,41.4211425781",N-WASP,WIP,PMC5148706__nihms828371f2.jpg,TP,N-WASP,WIP
activate_relation,"395.475402832,139.2550506592,59.4524841309,16.1405792236",N-WASP,CDC42,PMC5148706__nihms828371f2.jpg,TP,N-WASP,CDC42
activate_relation,"283.8415222168,70.7603225708,20.8578186035,47.115020752",WIP,N-WASP,PMC5148706__nihms828371f2.jpg,TP,WIP,N-WASP
activate_relation,"103.2187042236,69.6287994385,196.511428833,63.5175476074",N-WASP,WIP,PMC5148706__nihms828371f2.jpg,TP,N-WASP,WIP
activate_relation,"288.4426879883,69.0121688843,192.6668701172,63.6856613159",N-WASP,CDC42,PMC5148706__nihms828371f2.jpg,TP,N-WASP,CDC42
activate_relation,"150.8265838623,174.7432250977,146.0251312256,50.9546508789",N-WASP,WIP,PMC5148706__nihms828371f2.jpg,TP,N-WASP,WIP
activate_relation,"282.5706787109,171.8654327393,20.4549865723,70.4092254639", CACTIN,N-WASP,PMC5148706__nihms828371f2.jpg,FP,None,N-WASP
inhibit_relation,"345.6778564453,444.372253418,28.4194030762,58.5385742188", 2,MAS,PMC5238375__srep40523-f2.jpg,FP,None,MAS
activate_relation,"256.9506835938,476.6862182617,25.7826843262,51.4584960938", 2,ANG,PMC5238375__srep40523-f2.jpg,FP,None,ANG
inhibit_relation,"346.7620849609,352.7956237793,27.2667236328,53.1542053223",ACE,ACE2,PMC5238375__srep40523-f2.jpg,FP,ACE2,None
activate_relation,"129.3858032227,230.2089691162,119.4472198486,139.4568328857",LXR-A,ACE,PMC5238375__srep40523-f2.jpg,FP,None,None
activate_relation,"64.4139938354,333.6741027832,60.9488143921,40.9773254395", PFD,LXR-A,PMC5238375__srep40523-f2.jpg,TP,PFD,LXR
activate_relation,"533.9534912109,320.9661254883,72.5925292969,48.2015991211", PFD,LXR-A,PMC5238375__srep40523-f2.jpg,TP,PFD,LXR
activate_relation,"258.0511169434,372.8935546875,23.2997741699,63.015838623",ACE,ANG,PMC5238375__srep40523-f2.jpg,TP,ACE2,ANG
activate_relation,"267.3764648438,262.1236877441,43.0836791992,70.0870361328",ACE2,ACE,PMC5238375__srep40523-f2.jpg,FP,ACE2,None
activate_relation,"416.9346923828,234.4024200439,112.6714477539,124.8393096924",LXR-A,ACE2,PMC5238375__srep40523-f2.jpg,FP,None,None
inhibit_relation,"338.1444091797,261.5974731445,37.4991760254,55.5038146973",ACE,ACE2,PMC5238375__srep40523-f2.jpg,FP,ACE2,None
activate_relation,"307.2810058594,604.8550415039,47.0314941406,116.2039794922", 2,MAS,PMC5238375__srep40523-f2.jpg,FP,None,MAS
activate_relation,"309.528503418,109.0493392944,42.633026123,97.9787826538",ACE2, DAMAGE,PMC5238375__srep40523-f2.jpg,FP,ACE2,None
activate_relation,"82.2633743286,218.1799926758,140.4298095703,140.2692260742",ACE,LXR-A,PMC5238375__srep40523-f2.jpg,TP,ACE2,LXR
activate_relation,"474.5256958008,218.5814819336,148.12890625,135.0634460449",ACE2,LXR-A,PMC5238375__srep40523-f2.jpg,TP,ACE2,LXR
inhibit_relation,"50.6884307861,233.8599700928,52.3574447632,154.7838287354",RHOA,RAB3D,PMC5241026__nihms839270f8.jpg,TP,RhoA,RAB3D
inhibit_relation,"436.445892334,559.2733764648,156.8402404785,52.1730957031",RHPN2,SIRT1,PMC5241026__nihms839270f8.jpg,FP,RHPN,None
inhibit_relation,"453.156036377,749.5112304688,149.6703796387,47.6782836914",NEURL, SMAD1,PMC5241026__nihms839270f8.jpg,FP,None,None
activate_relation,"656.0289306641,804.2678833008,38.126159668,80.9780273438",RHPN2, SMAD1,PMC5241026__nihms839270f8.jpg,FP,RHPN,None
activate_relation,"357.4975891113,47.7480964661,38.2741699219,150.8979949951", SYX,RHOA,PMC5241026__nihms839270f8.jpg,TP,SYX,RhoA
activate_relation,"356.8268127441,606.3706054688,38.9161682129,153.8703613281",SIRT1,NEURL,PMC5241026__nihms839270f8.jpg,FP,None,None
activate_relation,"155.2744140625,199.1611633301,156.8488464355,32.5480651855",RHOA,RAB3D,PMC5241026__nihms839270f8.jpg,TP,RhoA,RAB3D
activate_relation,"359.0351257324,237.1318359375,35.5213317871,147.2188720703",RHOA,SIRT1,PMC5241026__nihms839270f8.jpg,FP,RhoA,None
activate_relation,"357.7783813477,789.8954467773,35.5590515137,170.0578613281", SMAD1,NEURL,PMC5241026__nihms839270f8.jpg,FP,None,None
activate_relation,"232.8060150146,757.4689331055,63.0122833252,33.3663330078",SIRT1,NEURL,PMC5241026__nihms839270f8.jpg,FP,None,None
activate_relation,"263.5590209961,393.2578430176,83.2561035156,162.1264343262",AMPK,S164,PMC5404978__nihms860625f10.jpg,FP,AMPK,None
activate_relation,"560.2450561523,468.7210998535,70.0980224609,61.6520690918",AMPK,TORC1,PMC5404978__nihms860625f10.jpg,FP,AMPK,None
activate_relation,"146.0665588379,658.9372558594,66.533782959,187.2182617188",BECN1,SQSTM1,PMC5404978__nihms860625f10.jpg,TP,BECN1,SQSTM1
activate_relation,"342.4582824707,288.4909362793,25.1522827148,41.4212646484",S164,AMPK,PMC5404978__nihms860625f10.jpg,FP,None,AMPK
inhibit_relation,"411.9054870605,355.4017028809,184.8539123535,95.6374511719",AMPK,TORC1,PMC5404978__nihms860625f10.jpg,FP,AMPK,None
activate_relation,"313.368347168,535.3949584961,166.1084594727,87.2673339844",AMPK,S14,PMC5404978__nihms860625f10.jpg,FP,AMPK,None
activate_relation,"343.4093933105,231.0668640137,22.8528442383,41.2120361328",S164,AMPK,PMC5404978__nihms860625f10.jpg,FP,None,AMPK
activate_relation,"239.2739715576,659.8294677734,93.7061920166,186.1959228516",BECN1,ATG7,PMC5404978__nihms860625f10.jpg,TP,BECN1,ATG7
activate_relation,"768.4271240234,392.0889587402,26.2921142578,81.7991943359",AMPK,TORC1,PMC5404978__nihms860625f10.jpg,FP,AMPK,None
activate_relation,"273.9898376465,653.4999389648,199.647644043,191.0882568359",S14,ATG7,PMC5404978__nihms860625f10.jpg,FP,None,ATG7
activate_relation,"342.7764587402,105.9677581787,23.6583251953,40.818359375",S164,AMPK,PMC5404978__nihms860625f10.jpg,FP,None,AMPK
activate_relation,"256.9582519531,324.5570373535,32.0798339844,78.4957885742",S164,AMPK,PMC5404978__nihms860625f10.jpg,FP,None,AMPK
activate_relation,"246.4310302734,148.7266540527,29.8435058594,77.2520446777",S164,AMPK,PMC5404978__nihms860625f10.jpg,FP,None,AMPK
activate_relation,"341.3897399902,59.6670913696,27.1828613281,34.7597045898",S164,AMPK,PMC5404978__nihms860625f10.jpg,FP,None,AMPK
activate_relation,"196.6889343262,119.1095046997,74.977142334,78.6249923706",, ETS-1,PMC5482458__pone.0179614.g005.jpg,DELETE,DELETE,DELETE
activate_relation,"321.1748046875,285.4390258789,84.683013916,80.7964782715",, ETS-1,PMC5482458__pone.0179614.g005.jpg,DELETE,DELETE,DELETE
activate_relation,"264.610534668,408.8601379395,90.3520812988,36.1815185547",, ETS-1,PMC5482458__pone.0179614.g005.jpg,DELETE,DELETE,DELETE
activate_relation,"414.7986755371,409.6958618164,74.2609558105,33.0333862305",, ETS-1,PMC5482458__pone.0179614.g005.jpg,DELETE,DELETE,DELETE
activate_relation,"360.6535339355,534.8110351562,32.4585266113,145.7152709961",, ETS-1,PMC5482458__pone.0179614.g005.jpg,DELETE,DELETE,DELETE
activate_relation,"222.250213623,17.3363723755,105.8114929199,68.5997085571",TGFBR1,TGFBR2,PMC5541090__41598_2017_6522_Fig1_HTML.jpg,TP,TGFBR2,TGFBR2
inhibit_relation,"206.2741851807,348.9538879395,49.6296234131,54.2300109863",PRDM16,HIPK2,PMC5541090__41598_2017_6522_Fig1_HTML.jpg,FP,None,None
activate_relation,"303.2925109863,13.9496135712,28.662902832,73.2517242432",TGFBR1,TGFBR2,PMC5541090__41598_2017_6522_Fig1_HTML.jpg,TP,TGFBR2,TGFBR2
activate_relation,"233.927520752,191.0789489746,129.1329040527,198.3159484863",SMAD3,HIPK2,PMC5541090__41598_2017_6522_Fig1_HTML.jpg,FP,None,None
inhibit_relation,"249.5196380615,356.1495361328,157.2554779053,40.3411560059",PRDM16,HIPK2,PMC5541090__41598_2017_6522_Fig1_HTML.jpg,FP,None,None
activate_relation,"293.4040222168,113.6740341187,63.0255432129,27.8458175659",TGFBR2,SMAD2,PMC5541090__41598_2017_6522_Fig1_HTML.jpg,TP,TGFBR2,SMAD2
activate_relation,"434.5741882324,5.5887331963,105.354095459,24.095457077",SMAD4,NREP,PMC5541090__41598_2017_6522_Fig1_HTML.jpg,FP,None,None
activate_relation,"249.5277099609,359.0568847656,155.646270752,39.3649902344",PRDM16,HIPK2,PMC5541090__41598_2017_6522_Fig1_HTML.jpg,FP,None,None
activate_relation,"248.2080078125,110.8598709106,111.3030395508,29.3692398071",TGFBR2,SMAD2,PMC5541090__41598_2017_6522_Fig1_HTML.jpg,TP,TGFBR2,SMAD2
activate_relation,"180.1870880127,325.8694458008,85.3436126709,28.6738586426",SMAD3,HIPK2,PMC5541090__41598_2017_6522_Fig1_HTML.jpg,FP,None,None
activate_relation,"340.6098632812,238.758972168,20.3225097656,44.510345459",XS,XS,PMC5642883__BMRI2017-9592501.008.jpg,TP,XS,XS
activate_relation,"338.7211914062,358.4644775391,20.637298584,62.8635864258",XS,XS,PMC5642883__BMRI2017-9592501.008.jpg,TP,XS,XS
activate_relation,"340.6301879883,482.0874328613,20.3247375488,71.0444641113",XS,XS,PMC5642883__BMRI2017-9592501.008.jpg,TP,XS,XS
activate_relation,"411.9885253906,594.633605957,62.3649597168,29.6511230469",TRE,XS,PMC5642883__BMRI2017-9592501.008.jpg,FP,None,XS
activate_relation,"336.7604370117,39.3450889587,29.2735290527,117.340713501",XS,XS,PMC5642883__BMRI2017-9592501.008.jpg,TP,XS,XS
activate_relation,"174.1734313965,42.5880508423,15.153717041,35.9486083984", YAP, YAP,PMC5788631__oncotarget-09-2175-g012.jpg,TP,YAP,YAP
activate_relation,"552.7541503906,157.5731506348,53.6699829102,36.1225585938", PROSTEIN,CTGF,PMC5788631__oncotarget-09-2175-g012.jpg,DELETE,DELETE,DELETE
activate_relation,"393.4789733887,272.5374755859,31.2691345215,33.1665344238",CTGF,CTGF,PMC5788631__oncotarget-09-2175-g012.jpg,FP,None,None
activate_relation,"184.8975524902,118.956199646,31.0825653076,29.9590072632", YAP, YAP,PMC5788631__oncotarget-09-2175-g012.jpg,TP,YAP,YAP
activate_relation,"492.3839111328,139.3077697754,57.5404663086,60.0071868896",CTGF, PROSTEIN,PMC5788631__oncotarget-09-2175-g012.jpg,DELETE,DELETE,DELETE
activate_relation,"135.3271179199,144.2908325195,119.739654541,18.5916137695", YAP, YAP,PMC5788631__oncotarget-09-2175-g012.jpg,TP,YAP,YAP
inhibit_relation,"489.7078552246,48.7931480408,38.1522521973,31.528377533",LAMA2,GRB2,PMC5850946__12859_2018_2036_Fig5_HTML.jpg,FP,None,None
inhibit_relation,"196.8546142578,114.18359375,41.4529571533,46.7763366699",FGFR3,KDR,PMC5850946__12859_2018_2036_Fig5_HTML.jpg,FP,FGFR2,None
inhibit_relation,"553.8005371094,95.4133987427,37.2861328125,31.3996429443",FGFR4,FGFR2,PMC5850946__12859_2018_2036_Fig5_HTML.jpg,TP,FGFR2,FGFR3
inhibit_relation,"665.2291870117,55.1728401184,23.2286376953,51.2282905579",PRKCI,FGFR4,PMC5850946__12859_2018_2036_Fig5_HTML.jpg,TP,PRKCI,FGFR3
inhibit_relation,"360.9260253906,131.1435089111,27.6865844727,52.8953552246",TSC2,PTEN,PMC5850946__12859_2018_2036_Fig5_HTML.jpg,TP,TSC2,PTEN
inhibit_relation,"251.0326080322,50.4979972839,40.4998931885,42.600933075",TSC2,FGFR3,PMC5850946__12859_2018_2036_Fig5_HTML.jpg,TP,TSC2,FGFR3
inhibit_relation,"157.2343902588,175.007598877,28.5485839844,23.0349121094",HRAS,KDR,PMC5850946__12859_2018_2036_Fig5_HTML.jpg,FP,HRAS,None
inhibit_relation,"9.6580963135,28.6355247498,25.967716217,52.6584892273", CDH1,YWHAZ,PMC5850946__12859_2018_2036_Fig5_HTML.jpg,FP,CDH1,None
inhibit_relation,"86.1330566406,28.4186992645,25.6158065796,52.9603118896", CDH1,HRAS,PMC5850946__12859_2018_2036_Fig5_HTML.jpg,FP,CDH1,None
activate_relation,"165.6401824951,30.2399082184,17.2833099365,49.854095459",HRAS,FGFR3,PMC5850946__12859_2018_2036_Fig5_HTML.jpg,TP,HRAS,FGFR3
activate_relation,"383.0692138672,54.7325820923,23.0234069824,52.7058410645",TSC2,LAMA2,PMC5850946__12859_2018_2036_Fig5_HTML.jpg,TP,TSC2,LAMA2
activate_relation,"745.2906494141,53.3247108459,13.9085083008,51.4271430969",PRKCI,PPP2R3A,PMC5850946__12859_2018_2036_Fig5_HTML.jpg,TP,PRKCI,PPP2R3A
activate_relation,"300.1804199219,620.8149414062,51.8986816406,90.1135253906",P53,P-GP,PMC5908975__fnmol-11-00130-g0007.jpg,TP,P53,P-GP
activate_relation,"295.3264465332,441.7499084473,59.2854309082,116.3923034668", AKT,P-GP,PMC5908975__fnmol-11-00130-g0007.jpg,TP,AKT,P-GP
activate_relation,"195.5149383545,573.6361083984,26.9760284424,47.4680786133",P-GP,P53,PMC5908975__fnmol-11-00130-g0007.jpg,FP,None,P53
activate_relation,"96.6035842896,411.3159790039,119.4998092651,61.2180175781", AKT,ERK,PMC5908975__fnmol-11-00130-g0007.jpg,TP,AKT,ERK
activate_relation,"268.2707214355,314.8527832031,41.7385559082,57.9607849121",FAK, AKT,PMC5908975__fnmol-11-00130-g0007.jpg,FP,None,AKT
activate_relation,"228.5100250244,441.7268981934,31.1724700928,69.6785583496", AKT,P53,PMC5908975__fnmol-11-00130-g0007.jpg,TP,AKT,P53
activate_relation,"40.4389190674,623.0259399414,19.3173027039,44.4756469727",ERK, D1,PMC5908975__fnmol-11-00130-g0007.jpg,FP,ERK,None
activate_relation,"375.9116516113,677.6742553711,122.2194213867,48.5985107422",CELL,P-GP,PMC5908975__fnmol-11-00130-g0007.jpg,FP,None,P-GP
activate_relation,"48.9275779724,521.310546875,18.3483161926,36.248840332",ERK, D1,PMC5908975__fnmol-11-00130-g0007.jpg,FP,ERK,None
activate_relation,"214.3871459961,647.6945800781,48.4094543457,57.2994995117",P53, D1,PMC5908975__fnmol-11-00130-g0007.jpg,FP,P53,None
activate_relation,"100.6256866455,684.7360839844,115.0726623535,36.9162597656",P53, D1,PMC5908975__fnmol-11-00130-g0007.jpg,FP,P53,None
activate_relation,"105.3758087158,546.7529907227,78.9641723633,38.6229858398",P53, D1,PMC5908975__fnmol-11-00130-g0007.jpg,FP,P53,None
inhibit_relation,"104.1528549194,547.2137451172,79.5009231567,38.3479003906",P53, D1,PMC5908975__fnmol-11-00130-g0007.jpg,FP,P53,None
activate_relation,"318.3038024902,407.3767700195,204.3484802246,73.2257080078", AKT,MMP2,PMC5908975__fnmol-11-00130-g0007.jpg,TP,AKT,MMP2
activate_relation,"559.0778808594,519.6862792969,21.080871582,133.8531494141",MMP9,CELL,PMC5908975__fnmol-11-00130-g0007.jpg,FP,None,None
inhibit_relation,"325.8822937012,411.843963623,157.0428771973,74.4844360352", AKT,MMP2,PMC5908975__fnmol-11-00130-g0007.jpg,TP,AKT,MMP2
activate_relation,"541.5198974609,50.5712547302,57.0065307617,64.56640625",SMO,GLI,PMC5949124__IBJ-22-217-g001.jpg,TP,SMO,GLI
activate_relation,"154.9352874756,54.419467926,55.5693817139,66.7808837891",GLI,SMO,PMC5949124__IBJ-22-217-g001.jpg,FP,None,SMO
activate_relation,"129.2645721436,227.8623504639,26.4909210205,75.4818267822",SMO,GLI,PMC5949124__IBJ-22-217-g001.jpg,TP,SMO,GLI
activate_relation,"539.4875488281,223.4183807373,15.6505737305,80.4150543213", B,GLI,PMC5949124__IBJ-22-217-g001.jpg,FP,None,GLI
inhibit_relation,"254.5712738037,571.5286865234,51.2336578369,52.6268310547",PDGFRB, PROSTEIN,PMC5967041__12885_2018_4500_Fig4_HTML.jpg,DELETE,DELETE,DELETE
activate_relation,"193.1907196045,477.5056762695,32.9177093506,52.4596557617",PDGFB,PDGFRB,PMC5967041__12885_2018_4500_Fig4_HTML.jpg,FP,None,None
activate_relation,"548.2318725586,365.006439209,142.734375,134.3594970703",CDCP1, PROSTEIN,PMC5967041__12885_2018_4500_Fig4_HTML.jpg,DELETE,DELETE,DELETE
activate_relation,"333.2221984863,536.6145629883,38.3421325684,20.5090332031",PDGFRB, PROSTEIN,PMC5967041__12885_2018_4500_Fig4_HTML.jpg,DELETE,DELETE,DELETE
activate_relation,"231.2532348633,97.7392501831,26.3871154785,55.1275405884",GSK3B,FSHR,PMC6241696__ott-11-8107Fig4.jpg,FP,GSK3B,None
activate_relation,"492.1963806152,392.023651123,102.252166748,118.8346862793",CASP3,CELL,PMC6241696__ott-11-8107Fig4.jpg,FP,None,None
inhibit_relation,"221.2256622314,276.9188842773,53.1322174072,75.8757629395",GSK3B, P,PMC6241696__ott-11-8107Fig4.jpg,FP,GSK3B,None
inhibit_relation,"222.5608825684,187.01953125,52.3185424805,61.7537536621", P,GSK3B,PMC6241696__ott-11-8107Fig4.jpg,FP,None,GSK3B
activate_relation,"239.3150024414,397.8609008789,24.4609680176,79.154083252", P, NF-KB1,PMC6241696__ott-11-8107Fig4.jpg,FP,None,NF-KB
activate_relation,"213.4695281982,228.6902313232,71.7078704834,133.8461151123",IDO1,IDO1,PMC6307990__gr7.jpg,TP,IDO1,IDO1
activate_relation,"318.468170166,115.6415634155,92.4853820801,84.1527481079",IL6,IDO1,PMC6307990__gr7.jpg,TP,IL6,IDO1
activate_relation,"361.9888916016,374.8471374512,43.2559814453,19.2580871582",IDO1,IL6,PMC6307990__gr7.jpg,TP,IDO1,IL6
activate_relation,"76.7510910034,301.3351135254,23.9371948242,52.4158325195", PD-L1,EMT,PMC6307990__gr7.jpg,TP,PD-L1,EMT
activate_relation,"458.335723877,249.4375152588,54.621673584,18.0534210205",IL6,IDO1,PMC6307990__gr7.jpg,TP,IL6,IDO1
activate_relation,"420.0154724121,200.2935943604,39.1399841309,37.0675201416",IL6,IDO1,PMC6307990__gr7.jpg,TP,IL6,IDO1
activate_relation,"116.0790557861,299.3339233398,35.3169250488,56.7464904785", PD-L1,EMT,PMC6307990__gr7.jpg,TP,PD-L1,EMT
activate_relation,"130.8986053467,365.8674926758,81.1313018799,28.2919616699",IDO1, PD-L1,PMC6307990__gr7.jpg,TP,IDO1,PD-L1
activate_relation,"343.9801940918,237.0367584229,104.7384643555,130.6441802979",IDO1,IDO1,PMC6307990__gr7.jpg,TP,IDO1,IDO1
inhibit_relation,"344.144744873,237.4807128906,104.2206420898,130.2579040527",IDO1,IDO1,PMC6307990__gr7.jpg,FP,IDO1,IDO1
activate_relation,"532.2448730469,230.9145202637,15.1636962891,51.6867675781", PKC, NF-KB1,PMC6322368__medscimonit-24-9413-g008.jpg,FP,None,None
activate_relation,"157.0737609863,231.5937042236,49.8383789062,40.0311126709",ER,STIM1,PMC6322368__medscimonit-24-9413-g008.jpg,FP,None,None
activate_relation,"222.1625823975,130.0659790039,46.131729126,67.1954956055",STIM1,ER,PMC6322368__medscimonit-24-9413-g008.jpg,FP,None,None
activate_relation,"272.5510253906,297.1817321777,23.8773193359,53.6319274902", AKT,MTOR,PMC6451008__41419_2019_1542_Fig1_HTML.jpg,TP,AKT,MTOR
activate_relation,"273.1241149902,176.5051269531,21.9877624512,53.3379058838",MTOR, AKT,PMC6451008__41419_2019_1542_Fig1_HTML.jpg,FP,None,None
inhibit_relation,"260.4907226562,405.0548400879,47.4803161621,60.1538696289", AKT,MTOR,PMC6451008__41419_2019_1542_Fig1_HTML.jpg,FP,AKT,MTOR
activate_relation,"152.8874206543,605.2924804688,64.3722991943,22.168762207",MTOR, 2,PMC6451008__41419_2019_1542_Fig1_HTML.jpg,FP,None,None
activate_relation,"363.3069458008,602.927734375,62.9300537109,21.3995361328",MTOR, 2,PMC6451008__41419_2019_1542_Fig1_HTML.jpg,FP,None,None
activate_relation,"368.2842102051,137.0624084473,92.2781066895,23.2700042725",PTEN, AKT,PMC6451008__41419_2019_1542_Fig1_HTML.jpg,FP,None,None
activate_relation,"366.3066101074,0.0,167.8863220215,69.111114502",PTEN,NOS1,PMC6451008__41419_2019_1542_Fig1_HTML.jpg,FP,None,None
activate_relation,"494.5568847656,102.552192688,26.7011108398,74.4387741089",HIF1A,P70S6KB,PMC6643126__ijmsv16p0960g005.jpg,FP,None,None
activate_relation,"494.3240966797,255.0082244873,26.9885253906,73.8034515381",P70S6KB,PKM2,PMC6643126__ijmsv16p0960g005.jpg,FP,None,None
activate_relation,"495.1279907227,413.8106689453,25.7891235352,75.579498291",PKM2,EMT,PMC6643126__ijmsv16p0960g005.jpg,TP,PKM2,EMT
inhibit_relation,"252.2799987793,42.8454017639,171.8898620605,79.0584564209",P70S6KB,HIF1A,PMC6643126__ijmsv16p0960g005.jpg,FP,None,None
inhibit_relation,"169.5422973633,235.7161560059,39.399230957,83.7783813477", MCL-1, CI,PMC6675870__fphar-10-00784-g006.jpg,FP,None,None
inhibit_relation,"171.9269866943,395.7303466797,41.3671569824,80.7385559082", CI, MCL-1,PMC6675870__fphar-10-00784-g006.jpg,FP,None,None
activate_relation,"120.748550415,869.2397460938,29.1388244629,82.307800293",BCL-2,CELL,PMC6675870__fphar-10-00784-g006.jpg,FP,None,None
activate_relation,"281.5595703125,488.0581054688,105.7389221191,29.2825927734", MCL-1,BCL-2,PMC6675870__fphar-10-00784-g006.jpg,FP,None,BCL
activate_relation,"577.5559692383,390.2188110352,26.0280761719,122.1257324219", BAK,BAX,PMC6675870__fphar-10-00784-g006.jpg,FP,None,None
inhibit_relation,"187.5696716309,375.1887817383,29.3519744873,33.6739807129",GA,PI3K,PMC6681686__medscimonit-25-5572-g005.jpg,FP,None,None
activate_relation,"233.9851074219,386.2516784668,67.5244140625,60.8826293945",PI3K, AKT,PMC6681686__medscimonit-25-5572-g005.jpg,TP,PI3K,AKT
activate_relation,"433.3155822754,368.7802124023,66.3817443848,37.5372009277", AKT,CELL,PMC6681686__medscimonit-25-5572-g005.jpg,FP,None,None
activate_relation,"396.2731323242,84.1855773926,42.6169433594,78.3253326416",CELL,CXCR4,PMC6681686__medscimonit-25-5572-g005.jpg,FP,None,None
inhibit_relation,"283.428314209,164.5698242188,42.4199829102,46.3450469971",GA,CXCR4,PMC6681686__medscimonit-25-5572-g005.jpg,FP,None,None
activate_relation,"21.110206604,313.9982910156,64.3329620361,131.2538146973",GA,PI3K,PMC6681686__medscimonit-25-5572-g005.jpg,FP,None,None
activate_relation,"180.5280151367,156.6572113037,229.9795227051,256.1566772461",SMO,GLI,PMC6820189__10.1177_1559325819885293-fig2.jpg,TP,SMO,GLI
inhibit_relation,"179.9044036865,155.1823730469,229.2660064697,256.9493713379",SMO,GLI,PMC6820189__10.1177_1559325819885293-fig2.jpg,FP,SMO,GLI
