coordinates,gene_name,fig_name,evaluation,match_name
"51,0,91,29",INTEGRIN,PMC2172299__200312013f8.jpg,DELETE,DELETE
"43,133,100,23",P130CAS,PMC2172299__200312013f8.jpg,FP,None
"204,131,82,19",PAXILLIN,PMC2172299__200312013f8.jpg,DELETE,DELETE
"201,171,43,23",FAK,PMC2172299__200312013f8.jpg,FP,None
"218,205,84,20",PY861,PMC2172299__200312013f8.jpg,TP,PY861
"26,199,48,20",CRK,PMC2172299__200312013f8.jpg,TP,CRK
"570,223,135,19",CDH2,PMC2172299__200312013f8.jpg,FP,None
"119,304,74,24",RAC1,PMC2172299__200312013f8.jpg,TP,RAC1
"54,430,213,21",INTEGRIN-MEDIATED,PMC2172299__200312013f8.jpg,DELETE,DELETE
"89,458,45,22",CELL,PMC2172299__200312013f8.jpg,FP,None
"145,458,87,26",MOTILITY,PMC2172299__200312013f8.jpg,DELETE,DELETE
"464,187,-19,136",CDH2,PMC2172299__200312013f8.jpg,FP,None
"464,332,-19,115",ADHESION,PMC2172299__200312013f8.jpg,DELETE,DELETE
"355,152,-24,80",PLASMA,PMC2172299__200312013f8.jpg,FP,None
"351,241,-17,108",MEMBRANE,PMC2172299__200312013f8.jpg,DELETE,DELETE
"354,359,-25,102",DYNAMICS,PMC2172299__200312013f8.jpg,DELETE,DELETE
"135,8,60,22",SHH,PMC2659383__bpa0019-0132-f3.jpg,TP,SHH
"274,4,121,24",CYCLOPAMINE,PMC2659383__bpa0019-0132-f3.jpg,DELETE,DELETE
"270,26,93,23",HHANTAG,PMC2659383__bpa0019-0132-f3.jpg,FP,None
"204,114,49,15",SMO,PMC2659383__bpa0019-0132-f3.jpg,TP,SMO
"158,138,16,17",H,PMC2659383__bpa0019-0132-f3.jpg,DELETE,DELETE
"58,219,39,16",GLI,PMC2659383__bpa0019-0132-f3.jpg,TP,GLI
"133,209,55,15",SUFU,PMC2659383__bpa0019-0132-f3.jpg,TP,SUFU
"151,301,37,14",GLI,PMC2659383__bpa0019-0132-f3.jpg,TP,GLI
"267,302,38,16",MYC,PMC2659383__bpa0019-0132-f3.jpg,TP,MYC
"8,388,74,-15",CYTOSOL,PMC2659383__bpa0019-0132-f3.jpg,FP,None
"32,426,75,-25",NUCLEUS,PMC2659383__bpa0019-0132-f3.jpg,FP,None
"164,429,63,21",TARGET,PMC2659383__bpa0019-0132-f3.jpg,FP,None
"233,433,52,17",GENES,PMC2659383__bpa0019-0132-f3.jpg,FP,None
"503,3,21,9",OH,PMC2988105__nihms224319f6.jpg,FP,None
"341,35,16,8",HO,PMC2988105__nihms224319f6.jpg,FP,None
"381,94,31,12",OH,PMC2988105__nihms224319f6.jpg,FP,None
"416,95,14,10",O,PMC2988105__nihms224319f6.jpg,DELETE,DELETE
"252,172,47,16",PKC8,PMC2988105__nihms224319f6.jpg,TP,PKC
"554,172,26,9",ATM,PMC2988105__nihms224319f6.jpg,TP,ATM
"554,239,11,27",↑,PMC2988105__nihms224319f6.jpg,DELETE,DELETE
"617,264,28,13",P53,PMC2988105__nihms224319f6.jpg,TP,p53
"580,239,35,17",SER15,PMC2988105__nihms224319f6.jpg,TP,SER15
"116,271,27,12",P21,PMC2988105__nihms224319f6.jpg,TP,p53
"375,269,41,10",NAG-1,PMC2988105__nihms224319f6.jpg,TP,NAG
"192,463,115,17",PROLIFERATION,PMC2988105__nihms224319f6.jpg,DELETE,DELETE
"450,468,85,17",APOPTOSIS,PMC2988105__nihms224319f6.jpg,DELETE,DELETE
"347,11,125,17",ENDODERM,PMC3036164__nihms259428f8.jpg,DELETE,DELETE
"32,127,66,14",ALCAMA,PMC3036164__nihms259428f8.jpg,TP,Alcama
"276,165,69,18",EDNRB,PMC3036164__nihms259428f8.jpg,TP,EDNRB
"405,209,43,14",EDN1,PMC3036164__nihms259428f8.jpg,TP,EDN1
"406,297,64,24",EDNRBEDNRA,PMC3036164__nihms259428f8.jpg,DELETE,DELETE
"31,330,65,19",NADL1.1,PMC3036164__nihms259428f8.jpg,TP,NADL1
"232,363,54,14",HAND2,PMC3036164__nihms259428f8.jpg,TP,HAND2
"235,382,46,14",DLX3B,PMC3036164__nihms259428f8.jpg,FP,None
"235,400,46,15",DLX5A,PMC3036164__nihms259428f8.jpg,FP,None
"235,419,46,14",DLX6A,PMC3036164__nihms259428f8.jpg,FP,None
"313,451,87,14",NEURAL,PMC3036164__nihms259428f8.jpg,FP,None
"407,451,73,18",CREST,PMC3036164__nihms259428f8.jpg,FP,None
"175,528,28,13",NC,PMC3036164__nihms259428f8.jpg,FP,None
"211,528,127,13",DIFFERENTIATION,PMC3036164__nihms259428f8.jpg,DELETE,DELETE
"153,553,76,18",CARTILAGE,PMC3036164__nihms259428f8.jpg,DELETE,DELETE
"237,554,122,13",VENTRALIZATION,PMC3036164__nihms259428f8.jpg,DELETE,DELETE
"168,578,32,18",JAW,PMC3036164__nihms259428f8.jpg,FP,None
"207,578,41,17",JOINT,PMC3036164__nihms259428f8.jpg,FP,None
"255,578,88,14",FORMATION,PMC3036164__nihms259428f8.jpg,DELETE,DELETE
"195,4,41,9",APOPTOSIS,PMC3068308__PRI2011-620601.004.jpg,DELETE,DELETE
"240,3,37,10",SIGNALING,PMC3068308__PRI2011-620601.004.jpg,DELETE,DELETE
"102,96,64,7",MITOCHONDRION,PMC3068308__PRI2011-620601.004.jpg,DELETE,DELETE
"371,121,13,7",AKT,PMC3068308__PRI2011-620601.004.jpg,TP,AKT
"431,150,19,7",PI3K,PMC3068308__PRI2011-620601.004.jpg,TP,PI3K
"183,183,16,9",BEL2,PMC3068308__PRI2011-620601.004.jpg,FP,None
"280,185,23,7",NF«B,PMC3068308__PRI2011-620601.004.jpg,FP,None
"371,185,13,7",AKT,PMC3068308__PRI2011-620601.004.jpg,TP,AKT
"49,195,33,7",BAKBAX,PMC3068308__PRI2011-620601.004.jpg,FP,None
"178,212,46,13",BEL-X(L),PMC3068308__PRI2011-620601.004.jpg,DELETE,DELETE
"90,248,53,9",APOPTOSOME,PMC3068308__PRI2011-620601.004.jpg,DELETE,DELETE
"147,247,35,9",COMPLEX,PMC3068308__PRI2011-620601.004.jpg,FP,None
"79,310,50,6",EXECUTIONER,PMC3068308__PRI2011-620601.004.jpg,DELETE,DELETE
"133,310,45,9",CASPASES-3,PMC3068308__PRI2011-620601.004.jpg,DELETE,DELETE
"182,310,6,7",6,PMC3068308__PRI2011-620601.004.jpg,DELETE,DELETE
"192,310,3,6",7,PMC3068308__PRI2011-620601.004.jpg,DELETE,DELETE
"273,310,18,6",IAPS,PMC3068308__PRI2011-620601.004.jpg,FP,None
"117,356,41,9",APOPTOSIS,PMC3068308__PRI2011-620601.004.jpg,DELETE,DELETE
"103,7,26,9",IL-6,PMC3087811__nihms286343f8.jpg,TP,IL-2
"55,87,38,8",GP130,PMC3087811__nihms286343f8.jpg,TP,gp130
"145,84,43,10",CD126,PMC3087811__nihms286343f8.jpg,TP,CD126
"104,126,54,15",TGF-FR2,PMC3087811__nihms286343f8.jpg,TP,TGF
"246,130,29,10",SMAD,PMC3087811__nihms286343f8.jpg,FP,None
"279,130,4,10",7,PMC3087811__nihms286343f8.jpg,DELETE,DELETE
"251,142,25,10",STAT,PMC3087811__nihms286343f8.jpg,FP,None
"278,143,0,0",3,PMC3087811__nihms286343f8.jpg,DELETE,DELETE
"242,151,48,16",INK.P38,PMC3087811__nihms286343f8.jpg,FP,None
"381,140,40,18",RORYT,PMC3087811__nihms286343f8.jpg,TP,RORYT
"524,141,26,16",TH17,PMC3087811__nihms286343f8.jpg,TP,TH17
"7,205,42,13",TGF-B,PMC3087811__nihms286343f8.jpg,TP,TGF
"107,289,51,18",TGF-FRIAITGF-FRI,PMC3087811__nihms286343f8.jpg,DELETE,DELETE
"246,284,30,12",SMAD,PMC3087811__nihms286343f8.jpg,FP,None
"279,283,12,13",232,PMC3087811__nihms286343f8.jpg,DELETE,DELETE
"244,296,46,14",ERKJNK,PMC3087811__nihms286343f8.jpg,FP,None
"525,292,27,16",ITREG,PMC3087811__nihms286343f8.jpg,TP,ITREG
"393,297,28,16",FOXP3,PMC3087811__nihms286343f8.jpg,TP,FOXP3
"109,396,25,10",IL-2,PMC3087811__nihms286343f8.jpg,TP,IL-2
"460,27,12,18",5,PMC3233205__nihms323230f1.jpg,DELETE,DELETE
"473,29,42,15",PIP3,PMC3233205__nihms323230f1.jpg,TP,PIP3
"353,134,7,14",3,PMC3233205__nihms323230f1.jpg,DELETE,DELETE
"370,134,45,14",PLCR,PMC3233205__nihms323230f1.jpg,TP,PLCR
"402,239,9,13",4,PMC3233205__nihms323230f1.jpg,DELETE,DELETE
"420,239,43,13",PIP2,PMC3233205__nihms323230f1.jpg,TP,PIP3
"308,339,15,22",9,PMC3233205__nihms323230f1.jpg,DELETE,DELETE
"321,343,40,14",PKC,PMC3233205__nihms323230f1.jpg,TP,PKC
"256,448,7,13",8,PMC3233205__nihms323230f1.jpg,DELETE,DELETE
"272,448,40,13",PKA,PMC3233205__nihms323230f1.jpg,TP,PKA
"70,549,11,19",1,PMC3233205__nihms323230f1.jpg,DELETE,DELETE
"83,549,23,19",RAF,PMC3233205__nihms323230f1.jpg,TP,RAF
"357,552,17,14",10,PMC3233205__nihms323230f1.jpg,DELETE,DELETE
"385,552,30,19",P38,PMC3233205__nihms323230f1.jpg,TP,p38
"506,553,14,13",11,PMC3233205__nihms323230f1.jpg,DELETE,DELETE
"531,553,38,13",JNK,PMC3233205__nihms323230f1.jpg,TP,JNK
"56,657,8,13",2,PMC3233205__nihms323230f1.jpg,DELETE,DELETE
"73,658,66,13",MEK1MEK2,PMC3233205__nihms323230f1.jpg,DELETE,DELETE
"136,761,8,14",6,PMC3233205__nihms323230f1.jpg,DELETE,DELETE
"154,761,56,14",ERK1ERK2,PMC3233205__nihms323230f1.jpg,DELETE,DELETE
"278,863,9,18",7,PMC3233205__nihms323230f1.jpg,DELETE,DELETE
"290,863,19,20",AKT,PMC3233205__nihms323230f1.jpg,TP,AKT
"253,0,110,20",RADIATION,PMC3341532__nihms-362544-f0008.jpg,DELETE,DELETE
"290,109,34,13",ROS,PMC3341532__nihms-362544-f0008.jpg,TP,ROS
"452,105,78,23",PPARS,PMC3341532__nihms-362544-f0008.jpg,FP,None
"9,188,87,26",PPARS,PMC3341532__nihms-362544-f0008.jpg,FP,None
"168,193,50,15",NF-KB,PMC3341532__nihms-362544-f0008.jpg,TP,NF-KB
"369,196,102,17",PKCAMEK,PMC3341532__nihms-362544-f0008.jpg,FP,None
"479,196,40,18",ERK,PMC3341532__nihms-362544-f0008.jpg,FP,None
"526,198,39,12",AP-1,PMC3341532__nihms-362544-f0008.jpg,FP,None
"166,278,40,17",IL-1B,PMC3341532__nihms-362544-f0008.jpg,TP,IL-1B
"343,286,52,16",COX-2,PMC3341532__nihms-362544-f0008.jpg,FP,None
"403,286,61,16",MCP-1,PMC3341532__nihms-362544-f0008.jpg,FP,None
"472,285,45,18",IL-1B,PMC3341532__nihms-362544-f0008.jpg,TP,IL-1B
"525,286,52,13",TNF-A,PMC3341532__nihms-362544-f0008.jpg,FP,None
"195,410,186,17",NEURO-INFLAMMATION,PMC3341532__nihms-362544-f0008.jpg,DELETE,DELETE
"140,48,161,38",D-,PMC3365567__nihms378339f1.jpg,FP,None
"404,74,169,30",JAGGED,PMC3365567__nihms378339f1.jpg,FP,None
"152,104,86,33",LIKE,PMC3365567__nihms378339f1.jpg,FP,None
"268,318,78,29",A,PMC3365567__nihms378339f1.jpg,DELETE,DELETE
"268,353,156,35",-SECRETASE,PMC3365567__nihms378339f1.jpg,DELETE,DELETE
"287,452,102,34",G,PMC3365567__nihms378339f1.jpg,DELETE,DELETE
"282,493,158,25",-SECRETASE,PMC3365567__nihms378339f1.jpg,DELETE,DELETE
"55,795,153,-28",NUCLEUS,PMC3365567__nihms378339f1.jpg,FP,None
"364,834,131,45",MAM,PMC3365567__nihms378339f1.jpg,FP,None
"12,872,287,49",CO-REPRESSORS,PMC3365567__nihms378339f1.jpg,DELETE,DELETE
"178,938,123,39",CBF1),PMC3365567__nihms378339f1.jpg,TP,CBF1
"435,938,94,46",CBF1,PMC3365567__nihms378339f1.jpg,TP,CBF1
"575,951,168,30",TARGETS,PMC3365567__nihms378339f1.jpg,FP,None
"532,984,82,46",HES,PMC3365567__nihms378339f1.jpg,TP,HES
"630,989,73,38",HEY,PMC3365567__nihms378339f1.jpg,TP,Hey
"705,985,51,47",ETC,PMC3365567__nihms378339f1.jpg,FP,None
"559,382,72,-133",NOTCH,PMC3365567__nihms378339f1.jpg,TP,NOTCH
"490,451,-71,84",NICD,PMC3365567__nihms378339f1.jpg,TP,NICD
"99,300,20,185",NOTCH,PMC3365567__nihms378339f1.jpg,TP,NOTCH
"95,444,16,153",NIGD,PMC3365567__nihms378339f1.jpg,FP,None
"507,37,44,7",INHIBITION,PMC3502787__CHRP2012-817304.002.jpg,DELETE,DELETE
"506,56,45,8",ACTIVATION,PMC3502787__CHRP2012-817304.002.jpg,DELETE,DELETE
"55,77,21,7",MET,PMC3502787__CHRP2012-817304.002.jpg,FP,None
"498,75,61,8",TRANSLOCATION,PMC3502787__CHRP2012-817304.002.jpg,DELETE,DELETE
"181,143,9,8",1,PMC3502787__CHRP2012-817304.002.jpg,DELETE,DELETE
"257,143,3,7",1,PMC3502787__CHRP2012-817304.002.jpg,DELETE,DELETE
"321,168,21,8",PI3K,PMC3502787__CHRP2012-817304.002.jpg,TP,PI3K
"356,163,18,16",P85,PMC3502787__CHRP2012-817304.002.jpg,TP,P85
"121,177,21,8",PI3K,PMC3502787__CHRP2012-817304.002.jpg,TP,PI3K
"156,172,22,16",P85,PMC3502787__CHRP2012-817304.002.jpg,TP,P85
"198,192,21,6",TKIS,PMC3502787__CHRP2012-817304.002.jpg,TP,TKIS
"265,188,24,11",TKIS,PMC3502787__CHRP2012-817304.002.jpg,TP,TKIS
"133,245,25,6",AKT,PMC3502787__CHRP2012-817304.002.jpg,TP,AKT
"517,243,4,9",B.,PMC3502787__CHRP2012-817304.002.jpg,FP,None
"136,255,20,10",PKB,PMC3502787__CHRP2012-817304.002.jpg,FP,None
"387,263,23,7",AKT,PMC3502787__CHRP2012-817304.002.jpg,TP,AKT
"387,272,23,11",PKB,PMC3502787__CHRP2012-817304.002.jpg,FP,None
"127,305,11,9",(A),PMC3502787__CHRP2012-817304.002.jpg,FP,None
"409,305,12,9",(B),PMC3502787__CHRP2012-817304.002.jpg,FP,None
"254,21,64,17",CED-2,PMC3521709__pgen.1003115.g001.jpg,TP,CED-5
"262,46,47,16",CRKLL,PMC3521709__pgen.1003115.g001.jpg,FP,None
"548,21,65,15",CED-7,PMC3521709__pgen.1003115.g001.jpg,TP,CED-5
"550,46,57,15",ABC1,PMC3521709__pgen.1003115.g001.jpg,TP,ABC1
"26,156,62,17",ABL-1,PMC3521709__pgen.1003115.g001.jpg,FP,None
"41,182,34,15",ABL,PMC3521709__pgen.1003115.g001.jpg,FP,None
"186,156,65,17",CED-5,PMC3521709__pgen.1003115.g001.jpg,TP,CED-5
"168,181,101,17",DOCK180,PMC3521709__pgen.1003115.g001.jpg,TP,DOCK180
"312,156,77,15",CED-12,PMC3521709__pgen.1003115.g001.jpg,TP,CED-5
"550,157,62,15",CED-1,PMC3521709__pgen.1003115.g001.jpg,TP,CED-5
"539,181,86,17",MEGF10,PMC3521709__pgen.1003115.g001.jpg,TP,MEGF10
"320,182,61,15",ELMO,PMC3521709__pgen.1003115.g001.jpg,FP,None
"247,287,77,16",CED-10,PMC3521709__pgen.1003115.g001.jpg,TP,CED-5
"267,312,37,16",RAC,PMC3521709__pgen.1003115.g001.jpg,FP,None
"550,287,64,16",CED-6,PMC3521709__pgen.1003115.g001.jpg,TP,CED-5
"553,312,59,16",GULP,PMC3521709__pgen.1003115.g001.jpg,TP,GULP
"80,426,61,15",WAVE,PMC3521709__pgen.1003115.g001.jpg,FP,None
"152,426,152,15",REGULATORY,PMC3521709__pgen.1003115.g001.jpg,DELETE,DELETE
"549,432,62,15",DYN-1,PMC3521709__pgen.1003115.g001.jpg,TP,DYN-1
"137,451,110,15",COMPLEX,PMC3521709__pgen.1003115.g001.jpg,FP,None
"534,457,92,20",DYNAMIN,PMC3521709__pgen.1003115.g001.jpg,FP,None
"223,595,206,21",ENGULFMENT,PMC3521709__pgen.1003115.g001.jpg,DELETE,DELETE
"435,3,71,18",EPITHELIUM,PMC3591436__pone.0053370.g006.jpg,DELETE,DELETE
"583,19,61,11",CLAUDIN-5,PMC3591436__pone.0053370.g006.jpg,DELETE,DELETE
"582,38,63,14",SEGMENTS,PMC3591436__pone.0053370.g006.jpg,DELETE,DELETE
"126,86,68,14",LEUKOCYTE,PMC3591436__pone.0053370.g006.jpg,DELETE,DELETE
"315,106,35,16",TIGHT,PMC3591436__pone.0053370.g006.jpg,FP,None
"356,106,54,17",JUNCTION,PMC3591436__pone.0053370.g006.jpg,DELETE,DELETE
"113,140,46,18",IKB-A,PMC3591436__pone.0053370.g006.jpg,TP,IKB-A
"112,165,47,13",NF-KB,PMC3591436__pone.0053370.g006.jpg,TP,NF-KB
"179,198,45,11",MG132,PMC3591436__pone.0053370.g006.jpg,TP,MG132
"41,210,36,14",IKB-A,PMC3591436__pone.0053370.g006.jpg,TP,IKB-A
"109,230,49,15",NF-KB,PMC3591436__pone.0053370.g006.jpg,TP,NF-KB
"325,240,53,11",GM6001,PMC3591436__pone.0053370.g006.jpg,TP,GM6001
"221,256,46,11",MMP-9,PMC3591436__pone.0053370.g006.jpg,TP,MMP-9
"117,300,41,14",NF-KB,PMC3591436__pone.0053370.g006.jpg,TP,NF-KB
"328,303,45,11",MMP-9,PMC3591436__pone.0053370.g006.jpg,TP,MMP-9
"571,331,75,11",INFILTRATED,PMC3591436__pone.0053370.g006.jpg,DELETE,DELETE
"564,349,71,16",LEUKOCYTE,PMC3591436__pone.0053370.g006.jpg,DELETE,DELETE
"124,425,75,16",STROMA,PMC3591436__pone.0053370.g006.jpg,FP,None
"591,464,40,18",CSF,PMC3591436__pone.0053370.g006.jpg,FP,None
"277,6,117,19",CADMIUM,PMC3655991__pone.0064344.g007.jpg,FP,None
"225,92,89,34",ROS,PMC3655991__pone.0064344.g007.jpg,FP,None
"316,92,117,35",GENERATION,PMC3655991__pone.0064344.g007.jpg,DELETE,DELETE
"350,188,64,18",(MLST8,PMC3655991__pone.0064344.g007.jpg,FP,None
"277,216,106,18",MTORC1,PMC3655991__pone.0064344.g007.jpg,TP,mTORC1
"256,250,64,22",RAPTOR,PMC3655991__pone.0064344.g007.jpg,FP,None
"62,361,71,19",PERK,PMC3655991__pone.0064344.g007.jpg,TP,PERK
"305,358,58,21",IRE1,PMC3655991__pone.0064344.g007.jpg,TP,IRE1
"530,362,64,18",ATF6,PMC3655991__pone.0064344.g007.jpg,TP,ATF6
"216,517,55,13",KINASE,PMC3655991__pone.0064344.g007.jpg,FP,None
"213,533,62,19",DOMAIN,PMC3655991__pone.0064344.g007.jpg,FP,None
"363,626,54,21",RNASE,PMC3655991__pone.0064344.g007.jpg,FP,None
"361,648,60,17",DOMAIN,PMC3655991__pone.0064344.g007.jpg,FP,None
"178,701,44,17",JNK,PMC3655991__pone.0064344.g007.jpg,TP,JNK
"412,699,108,32",XBP1(S),PMC3655991__pone.0064344.g007.jpg,TP,XBP1
"250,807,172,36",APOPTOSIS,PMC3655991__pone.0064344.g007.jpg,DELETE,DELETE
"368,6,141,31",SOMATIC,PMC3789177__cddis2013319f6.jpg,FP,None
"522,8,85,29",CELLS,PMC3789177__cddis2013319f6.jpg,FP,None
"86,42,105,31",DLC-1,PMC3789177__cddis2013319f6.jpg,TP,DLC-1
"274,172,92,30",KRI-1,PMC3789177__cddis2013319f6.jpg,TP,KRI-1
"632,160,35,29",IR,PMC3789177__cddis2013319f6.jpg,FP,None
"395,354,107,33",CEP-1,PMC3789177__cddis2013319f6.jpg,TP,CEP-1
"34,508,115,28",LIN-35,PMC3789177__cddis2013319f6.jpg,TP,LIN-35
"242,506,263,31",CED-13EGL-1,PMC3789177__cddis2013319f6.jpg,DELETE,DELETE
"140,628,115,32",CED-9,PMC3789177__cddis2013319f6.jpg,TP,CED-9
"460,678,154,33",GERMLINE,PMC3789177__cddis2013319f6.jpg,DELETE,DELETE
"180,680,21,59",1,PMC3789177__cddis2013319f6.jpg,DELETE,DELETE
"140,764,113,30",CED-4,PMC3789177__cddis2013319f6.jpg,TP,CED-9
"140,904,115,29",CED-3,PMC3789177__cddis2013319f6.jpg,TP,CED-9
"100,1036,171,36",APOPTOSIS,PMC3789177__cddis2013319f6.jpg,DELETE,DELETE
"329,29,122,27",ASTROCYTE,PMC3920964__cddis2013410f5.jpg,DELETE,DELETE
"349,88,79,24",APOE3,PMC3920964__cddis2013410f5.jpg,TP,APOE3
"166,113,77,25",APOE2,PMC3920964__cddis2013410f5.jpg,TP,APOE3
"474,113,79,24",APOE4,PMC3920964__cddis2013410f5.jpg,TP,APOE3
"303,271,59,19",LRP1,PMC3920964__cddis2013410f5.jpg,TP,LRP1
"258,346,67,31",CYPA,PMC3920964__cddis2013410f5.jpg,TP,CYPA
"71,364,103,25",PERICYTE,PMC3920964__cddis2013410f5.jpg,DELETE,DELETE
"347,414,65,21",NFKB,PMC3920964__cddis2013410f5.jpg,TP,NFkB
"365,504,84,21",MMP-9,PMC3920964__cddis2013410f5.jpg,TP,MMP-9
"275,593,117,25",BASEMENT,PMC3920964__cddis2013410f5.jpg,DELETE,DELETE
"477,598,57,24",TIGHT,PMC3920964__cddis2013410f5.jpg,FP,None
"460,630,90,24",JUNCTION,PMC3920964__cddis2013410f5.jpg,DELETE,DELETE
"264,662,138,30",DEGRADATION,PMC3920964__cddis2013410f5.jpg,DELETE,DELETE
"436,662,139,30",DEGRADATION,PMC3920964__cddis2013410f5.jpg,DELETE,DELETE
"272,631,124,20",MEMBRANE,PMC3920964__cddis2013410f5.jpg,DELETE,DELETE
"381,737,51,20",BBB,PMC3920964__cddis2013410f5.jpg,FP,None
"342,770,128,19",BREAKDOWN,PMC3920964__cddis2013410f5.jpg,DELETE,DELETE
"354,854,104,19",NEURONAL,PMC3920964__cddis2013410f5.jpg,DELETE,DELETE
"340,885,132,30",DYSFUNCTION,PMC3920964__cddis2013410f5.jpg,DELETE,DELETE
"294,963,225,24",NEURODEGENERATION,PMC3920964__cddis2013410f5.jpg,DELETE,DELETE
"212,13,50,16",IGF1,PMC3932947__2040-2392-5-9-7.jpg,TP,IGF1
"326,13,70,17",IGF1R,PMC3932947__2040-2392-5-9-7.jpg,TP,IGF1R
"251,59,28,19",(P,PMC3932947__2040-2392-5-9-7.jpg,FP,None
"318,58,24,20",P,PMC3932947__2040-2392-5-9-7.jpg,DELETE,DELETE
"273,157,53,16",PI3K,PMC3932947__2040-2392-5-9-7.jpg,TP,PI3K
"421,174,17,13",(+),PMC3932947__2040-2392-5-9-7.jpg,FP,None
"159,184,18,13",(+),PMC3932947__2040-2392-5-9-7.jpg,FP,None
"56,195,20,25",P,PMC3932947__2040-2392-5-9-7.jpg,DELETE,DELETE
"284,194,40,27",TO,PMC3932947__2040-2392-5-9-7.jpg,FP,None
"92,230,58,15",PDK1,PMC3932947__2040-2392-5-9-7.jpg,TP,PDK1
"484,235,51,14",AKT,PMC3932947__2040-2392-5-9-7.jpg,TP,AKT
"508,297,24,22",(+),PMC3932947__2040-2392-5-9-7.jpg,FP,None
"21,336,64,21",GNP,PMC3932947__2040-2392-5-9-7.jpg,FP,None
"465,350,95,18",MTORC1,PMC3932947__2040-2392-5-9-7.jpg,TP,MTORC1
"250,395,19,18",(P),PMC3932947__2040-2392-5-9-7.jpg,FP,None
"335,393,26,20",P),PMC3932947__2040-2392-5-9-7.jpg,FP,None
"380,396,22,14",(+),PMC3932947__2040-2392-5-9-7.jpg,FP,None
"279,429,41,16",S6K,PMC3932947__2040-2392-5-9-7.jpg,TP,S6K
"62,477,184,24",DIFFERENTIATION,PMC3932947__2040-2392-5-9-7.jpg,DELETE,DELETE
"374,473,150,26",PROLIFERATION,PMC3932947__2040-2392-5-9-7.jpg,DELETE,DELETE
"436,514,14,12",(-),PMC3932947__2040-2392-5-9-7.jpg,FP,None
"287,558,37,15",EN2,PMC3932947__2040-2392-5-9-7.jpg,TP,En2
"660,98,37,22",PM,PMC3946494__nihms540696f6.jpg,FP,None
"438,126,36,12",PI3K,PMC3946494__nihms540696f6.jpg,TP,PI3K
"546,185,46,14",PAKT,PMC3946494__nihms540696f6.jpg,TP,PAKT
"338,179,34,14",AKT,PMC3946494__nihms540696f6.jpg,TP,AKT
"422,233,22,44",NF-KB,PMC3946494__nihms540696f6.jpg,TP,NF-KB
"395,249,-3,24",I,PMC3946494__nihms540696f6.jpg,DELETE,DELETE
"406,258,0,26",KB,PMC3946494__nihms540696f6.jpg,FP,None
"323,357,13,16",PL,PMC3946494__nihms540696f6.jpg,FP,None
"342,358,21,12",KB,PMC3946494__nihms540696f6.jpg,FP,None
"392,399,48,14",NF-KB,PMC3946494__nihms540696f6.jpg,TP,NF-KB
"267,474,50,13",LIPOCALIN,PMC3946494__nihms540696f6.jpg,DELETE,DELETE
"321,474,8,13",2,PMC3946494__nihms540696f6.jpg,DELETE,DELETE
"261,497,72,10",TRANSCRIPTION,PMC3946494__nihms540696f6.jpg,DELETE,DELETE
"526,525,13,16",N,PMC3946494__nihms540696f6.jpg,DELETE,DELETE
"394,529,60,17",NF-KB,PMC3946494__nihms540696f6.jpg,TP,NF-KB
"347,8,41,17",DNA,PMC3978517__genes-05-00147-g002.jpg,FP,None
"396,8,77,21",DAMAGE,PMC3978517__genes-05-00147-g002.jpg,FP,None
"318,83,187,20",MEDIATORSSENSORS,PMC3978517__genes-05-00147-g002.jpg,DELETE,DELETE
"50,109,61,22",H2AX,PMC3978517__genes-05-00147-g002.jpg,TP,H2AX
"33,127,111,26",ANA,PMC3978517__genes-05-00147-g002.jpg,FP,None
"160,125,59,27",O-1-1,PMC3978517__genes-05-00147-g002.jpg,FP,None
"235,124,35,26",RPA,PMC3978517__genes-05-00147-g002.jpg,TP,RPA
"630,109,60,22",H2AX,PMC3978517__genes-05-00147-g002.jpg,TP,H2AX
"305,129,50,19",ATRIP,PMC3978517__genes-05-00147-g002.jpg,TP,ATRIP
"383,129,29,19",ATR,PMC3978517__genes-05-00147-g002.jpg,TP,ATR
"458,127,60,21",TOPBP1,PMC3978517__genes-05-00147-g002.jpg,TP,TopBP1
"546,127,27,21",FPC,PMC3978517__genes-05-00147-g002.jpg,TP,FPC
"335,236,118,16",TRANSDUCERS,PMC3978517__genes-05-00147-g002.jpg,DELETE,DELETE
"484,234,59,19",(CHK1,PMC3978517__genes-05-00147-g002.jpg,FP,None
"552,234,53,19",CHK2),PMC3978517__genes-05-00147-g002.jpg,FP,None
"354,349,84,17",EFFECTORS,PMC3978517__genes-05-00147-g002.jpg,DELETE,DELETE
"477,354,106,27",(CDC25A.BC)(CDC25A.B,PMC3978517__genes-05-00147-g002.jpg,DELETE,DELETE
"355,470,54,18",CDKS,PMC3978517__genes-05-00147-g002.jpg,FP,None
"418,469,40,15",DDK,PMC3978517__genes-05-00147-g002.jpg,FP,None
"351,584,32,18",CELL,PMC3978517__genes-05-00147-g002.jpg,FP,None
"392,583,45,23",CYCLE,PMC3978517__genes-05-00147-g002.jpg,FP,None
"297,33,80,29",TLRS,PMC4057701__ijms-15-07711f2.jpg,FP,None
"190,149,127,34",MYD88,PMC4057701__ijms-15-07711f2.jpg,TP,MyD88
"470,154,50,18",TRIE,PMC4057701__ijms-15-07711f2.jpg,FP,None
"281,240,35,45",M,PMC4057701__ijms-15-07711f2.jpg,DELETE,DELETE
"359,230,92,40",NF-KB,PMC4057701__ijms-15-07711f2.jpg,TP,NF-KB
"448,363,133,34",KUPFFER,PMC4057701__ijms-15-07711f2.jpg,FP,None
"594,362,77,29",CELLS,PMC4057701__ijms-15-07711f2.jpg,FP,None
"320,484,83,34",IL-12,PMC4057701__ijms-15-07711f2.jpg,TP,IL-12
"338,652,69,33",LYM,PMC4057701__ijms-15-07711f2.jpg,TP,LYM
"319,814,89,37",IFN-Y,PMC4057701__ijms-15-07711f2.jpg,TP,IFN
"55,1023,58,32",MØ,PMC4057701__ijms-15-07711f2.jpg,FP,None
"178,1259,136,34",HEPATIC,PMC4057701__ijms-15-07711f2.jpg,FP,None
"327,1259,214,32",GRANULOMAS,PMC4057701__ijms-15-07711f2.jpg,DELETE,DELETE
"106,2,183,31",PERSISTENT,PMC4061041__pone.0099983.g006.jpg,DELETE,DELETE
"416,2,157,40",EXPOSED,PMC4061041__pone.0099983.g006.jpg,FP,None
"410,54,169,33",TELOMERE,PMC4061041__pone.0099983.g006.jpg,DELETE,DELETE
"74,52,86,35",DNA,PMC4061041__pone.0099983.g006.jpg,FP,None
"172,53,148,41",DAMAGE,PMC4061041__pone.0099983.g006.jpg,FP,None
"114,228,64,32",AAI,PMC4061041__pone.0099983.g006.jpg,TP,AAI
"212,224,64,36",H,PMC4061041__pone.0099983.g006.jpg,DELETE,DELETE
"308,229,78,33",ATM,PMC4061041__pone.0099983.g006.jpg,TP,ATM
"576,240,141,35",CELLULAR,PMC4061041__pone.0099983.g006.jpg,DELETE,DELETE
"532,294,227,33",SENESCENCE,PMC4061041__pone.0099983.g006.jpg,DELETE,DELETE
"300,336,96,30",IGF-1,PMC4061041__pone.0099983.g006.jpg,TP,IGF-1
"546,344,77,38",(RS,PMC4061041__pone.0099983.g006.jpg,FP,None
"642,343,105,41",SIPS),PMC4061041__pone.0099983.g006.jpg,FP,None
"4,438,151,33",AG1024,PMC4061041__pone.0099983.g006.jpg,TP,AG1024
"184,434,65,38",–H,PMC4061041__pone.0099983.g006.jpg,FP,None
"284,441,133,32",IGF-1R,PMC4061041__pone.0099983.g006.jpg,TP,IGF-1
"210,546,114,36",MAPK,PMC4061041__pone.0099983.g006.jpg,FP,None
"340,547,152,43",PATHWAY,PMC4061041__pone.0099983.g006.jpg,FP,None
"302,654,92,38",EGR-1,PMC4061041__pone.0099983.g006.jpg,TP,EGR-1
"299,759,100,32",SCLU,PMC4061041__pone.0099983.g006.jpg,TP,SCLU
"438,775,20,4",-,PMC4061041__pone.0099983.g006.jpg,DELETE,DELETE
"323,19,43,29",PMA,PMC4074601__nihms577797f8.jpg,FP,None
"478,21,68,27",ACTIVIN,PMC4074601__nihms577797f8.jpg,FP,None
"555,21,13,27",A,PMC4074601__nihms577797f8.jpg,DELETE,DELETE
"548,160,106,42",RECEPTORS,PMC4074601__nihms577797f8.jpg,DELETE,DELETE
"541,212,83,33",SMAD2,PMC4074601__nihms577797f8.jpg,TP,SMAD2
"44,333,120,39",CYTOPLASM,PMC4074601__nihms577797f8.jpg,DELETE,DELETE
"500,365,81,33",SMAD2,PMC4074601__nihms577797f8.jpg,TP,SMAD2
"502,596,33,30",P.P,PMC4074601__nihms577797f8.jpg,FP,None
"499,618,81,37",SMAD2,PMC4074601__nihms577797f8.jpg,TP,SMAD2
"661,592,100,32",APCCCHT,PMC4074601__nihms577797f8.jpg,FP,None
"58,680,90,38",NUCLEUS,PMC4074601__nihms577797f8.jpg,FP,None
"520,752,49,25",SNON,PMC4074601__nihms577797f8.jpg,TP,SNON
"722,751,50,26",SNON,PMC4074601__nihms577797f8.jpg,TP,SNON
"477,869,59,42",RNAP,PMC4074601__nihms577797f8.jpg,FP,None
"540,871,23,41",2,PMC4074601__nihms577797f8.jpg,DELETE,DELETE
"449,900,46,37",T-S,PMC4074601__nihms577797f8.jpg,FP,None
"233,887,78,26",ACTIVIN,PMC4074601__nihms577797f8.jpg,FP,None
"318,886,14,27",A,PMC4074601__nihms577797f8.jpg,DELETE,DELETE
"614,884,59,28",CD61,PMC4074601__nihms577797f8.jpg,TP,CD61
"43,5,41,19",CTF,PMC4252843__nihms611316f5.jpg,TP,CTF
"401,59,88,19",HB-EGF,PMC4252843__nihms611316f5.jpg,TP,HB-EGF
"39,127,63,19",GPCR,PMC4252843__nihms611316f5.jpg,TP,GPCR
"255,124,158,26",ADAM-10ADAM-12,PMC4252843__nihms611316f5.jpg,DELETE,DELETE
"531,128,59,22",EGFR,PMC4252843__nihms611316f5.jpg,TP,EGFR
"73,247,39,26",GA;,PMC4252843__nihms611316f5.jpg,FP,None
"121,245,57,28",GBY,PMC4252843__nihms611316f5.jpg,FP,None
"262,254,49,21",CA2+,PMC4252843__nihms611316f5.jpg,FP,None
"263,299,44,19",PKC,PMC4252843__nihms611316f5.jpg,FP,None
"201,338,104,24",NAD(P)H,PMC4252843__nihms611316f5.jpg,FP,None
"315,339,93,19",OXIDASE,PMC4252843__nihms611316f5.jpg,FP,None
"148,2,65,17",BLOOD,PMC4536527__srep13092-f8.jpg,FP,None
"222,2,72,17",VESSEL,PMC4536527__srep13092-f8.jpg,FP,None
"32,44,43,18",FFA,PMC4536527__srep13092-f8.jpg,FP,None
"602,40,146,22",CHONDROCYTE,PMC4536527__srep13092-f8.jpg,DELETE,DELETE
"444,62,57,16",TLR4,PMC4536527__srep13092-f8.jpg,TP,TLR4
"2,111,76,17",LACTATE,PMC4536527__srep13092-f8.jpg,FP,None
"440,221,73,18",OLDHA,PMC4536527__srep13092-f8.jpg,FP,None
"430,291,105,19",OLACTATE,PMC4536527__srep13092-f8.jpg,DELETE,DELETE
"723,330,37,16",IL-6,PMC4536527__srep13092-f8.jpg,TP,IL-6
"493,364,54,23",HIF1,PMC4536527__srep13092-f8.jpg,TP,HIF1
"552,372,8,9",A,PMC4536527__srep13092-f8.jpg,DELETE,DELETE
"721,357,44,19",TNF,PMC4536527__srep13092-f8.jpg,TP,TNF
"775,364,8,9",A,PMC4536527__srep13092-f8.jpg,DELETE,DELETE
"723,388,34,17",IL-1,PMC4536527__srep13092-f8.jpg,TP,IL-6
"770,389,8,17",B,PMC4536527__srep13092-f8.jpg,DELETE,DELETE
"513,467,64,17",VEGF,PMC4536527__srep13092-f8.jpg,TP,VEGF
"118,492,40,22",ND,PMC4536527__srep13092-f8.jpg,FP,None
"283,491,59,24",HFD,PMC4536527__srep13092-f8.jpg,FP,None
"105,558,68,22",LEAN,PMC4536527__srep13092-f8.jpg,FP,None
"268,557,93,22",OBESE,PMC4536527__srep13092-f8.jpg,FP,None
"582,557,201,22",OSTEOARTHRITIS,PMC4536527__srep13092-f8.jpg,DELETE,DELETE
"318,13,31,15",NAC,PMC4826221__oncotarget-07-4490-g009.jpg,TP,NAC
"187,22,28,15",GL,PMC4826221__oncotarget-07-4490-g009.jpg,TP,GL
"142,153,31,8",PH2AX,PMC4826221__oncotarget-07-4490-g009.jpg,TP,PH2AX
"345,150,75,13",ATRP-ATM,PMC4826221__oncotarget-07-4490-g009.jpg,DELETE,DELETE
"526,154,43,9",CAFFEINE,PMC4826221__oncotarget-07-4490-g009.jpg,DELETE,DELETE
"358,264,50,14",P-CHK1,PMC4826221__oncotarget-07-4490-g009.jpg,TP,CHK1
"504,265,55,14",UCN-01,PMC4826221__oncotarget-07-4490-g009.jpg,FP,None
"93,281,70,15",APOPTOSIS,PMC4826221__oncotarget-07-4490-g009.jpg,DELETE,DELETE
"355,357,56,12",CDC25C,PMC4826221__oncotarget-07-4490-g009.jpg,TP,CDC25C
"169,385,57,14",P-CDK1,PMC4826221__oncotarget-07-4490-g009.jpg,TP,CDK
"550,386,42,11",CDK1,PMC4826221__oncotarget-07-4490-g009.jpg,TP,CDK
"187,423,45,14",CYCLIN,PMC4826221__oncotarget-07-4490-g009.jpg,FP,None
"239,423,9,11",B,PMC4826221__oncotarget-07-4490-g009.jpg,DELETE,DELETE
"556,422,45,16",CYCLIN,PMC4826221__oncotarget-07-4490-g009.jpg,FP,None
"609,423,8,12",B,PMC4826221__oncotarget-07-4490-g009.jpg,DELETE,DELETE
"32,460,40,14",GMG2,PMC4826221__oncotarget-07-4490-g009.jpg,FP,None
"79,462,37,12",ARREST,PMC4826221__oncotarget-07-4490-g009.jpg,FP,None
"61,109,67,-40",6-OHDA,PMC5037850__ijms-17-01585-g001.jpg,FP,None
"56,149,68,-36",INDUCED,PMC5037850__ijms-17-01585-g001.jpg,FP,None
"118,93,52,-25",STRESS,PMC5037850__ijms-17-01585-g001.jpg,FP,None
"304,177,53,18",JNKS,PMC5037850__ijms-17-01585-g001.jpg,FP,None
"75,257,33,17",BCL-,PMC5037850__ijms-17-01585-g001.jpg,FP,None
"115,256,58,22",FAMILY,PMC5037850__ijms-17-01585-g001.jpg,FP,None
"383,259,48,15",C-JUN,PMC5037850__ijms-17-01585-g001.jpg,TP,c-Jun
"303,348,53,17",AP-1,PMC5037850__ijms-17-01585-g001.jpg,TP,AP
"592,347,34,18",FAS,PMC5037850__ijms-17-01585-g001.jpg,TP,FAS
"636,348,10,17",L,PMC5037850__ijms-17-01585-g001.jpg,DELETE,DELETE
"201,467,137,20",MITOCHONDRIA,PMC5037850__ijms-17-01585-g001.jpg,DELETE,DELETE
"346,466,118,23",CYTOCHROME,PMC5037850__ijms-17-01585-g001.jpg,DELETE,DELETE
"471,473,8,10",C,PMC5037850__ijms-17-01585-g001.jpg,DELETE,DELETE
"277,567,86,19",CASPASE-,PMC5037850__ijms-17-01585-g001.jpg,DELETE,DELETE
"370,567,9,15",3,PMC5037850__ijms-17-01585-g001.jpg,DELETE,DELETE
"272,719,40,19",CELL,PMC5037850__ijms-17-01585-g001.jpg,FP,None
"323,719,67,19",DEATH,PMC5037850__ijms-17-01585-g001.jpg,FP,None
"253,27,82,19",ITSN-L,PMC5148706__nihms828371f2.jpg,TP,ITSN
"46,141,37,14",WIP,PMC5148706__nihms828371f2.jpg,TP,WIP
"255,140,79,14",N-WASP,PMC5148706__nihms828371f2.jpg,TP,N-WASP
"496,141,59,17",CDC42,PMC5148706__nihms828371f2.jpg,TP,CDC42
"43,234,87,14",CORTACTIN,PMC5148706__nihms828371f2.jpg,DELETE,DELETE
"265,263,61,18",ARP3ARP2,PMC5148706__nihms828371f2.jpg,DELETE,DELETE
"256,285,80,19",COMPLEX,PMC5148706__nihms828371f2.jpg,FP,None
"271,385,48,14",ACTIN,PMC5148706__nihms828371f2.jpg,FP,None
"226,409,140,18",POLYMERIZATION,PMC5148706__nihms828371f2.jpg,DELETE,DELETE
"287,50,71,14",MYOCARDIAL,PMC5238375__srep40523-f2.jpg,DELETE,DELETE
"295,63,51,17",DAMAGE,PMC5238375__srep40523-f2.jpg,FP,None
"275,227,67,14",P38ATIR,PMC5238375__srep40523-f2.jpg,FP,None
"349,227,44,11",MAPK,PMC5238375__srep40523-f2.jpg,FP,None
"626,311,26,10",PFD,PMC5238375__srep40523-f2.jpg,TP,PFD
"20,327,27,10",PFD,PMC5238375__srep40523-f2.jpg,TP,PFD
"343,326,38,11",ACE2,PMC5238375__srep40523-f2.jpg,TP,ACE2
"257,344,30,11",ACE,PMC5238375__srep40523-f2.jpg,TP,ACE2
"486,380,43,10",LXR-A,PMC5238375__srep40523-f2.jpg,TP,LXR
"126,387,44,11",LXR-A,PMC5238375__srep40523-f2.jpg,TP,LXR
"334,419,59,14",ANG(1-7),PMC5238375__srep40523-f2.jpg,DELETE,DELETE
"260,452,25,14",ANG,PMC5238375__srep40523-f2.jpg,TP,ANG
"291,450,8,12",2,PMC5238375__srep40523-f2.jpg,DELETE,DELETE
"343,516,32,11",MAS,PMC5238375__srep40523-f2.jpg,TP,MAS
"260,543,39,11",ATIR,PMC5238375__srep40523-f2.jpg,TP,ATIR
"280,737,48,11",CARDIAC,PMC5238375__srep40523-f2.jpg,FP,None
"335,737,46,12",FIBROSIS,PMC5238375__srep40523-f2.jpg,DELETE,DELETE
"336,0,77,45",SYX,PMC5241026__nihms839270f8.jpg,TP,SYX
"9,188,199,51",F-ACTIN+,PMC5241026__nihms839270f8.jpg,DELETE,DELETE
"313,191,33,45",–,PMC5241026__nihms839270f8.jpg,DELETE,DELETE
"348,190,136,45",RHOA.-,PMC5241026__nihms839270f8.jpg,TP,RhoA
"12,392,135,35",RAB3D,PMC5241026__nihms839270f8.jpg,TP,RAB3D
"312,392,123,36",SIRT1,PMC5241026__nihms839270f8.jpg,TP,SIRT
"314,562,142,56",RARYH,PMC5241026__nihms839270f8.jpg,FP,None
"580,564,174,33",-RHPN2,PMC5241026__nihms839270f8.jpg,TP,RHPN
"290,750,221,44",NOGGIN-,PMC5241026__nihms839270f8.jpg,TP,Noggin
"579,753,157,41",HBMP4,PMC5241026__nihms839270f8.jpg,FP,None
"136,768,74,10",---,PMC5241026__nihms839270f8.jpg,FP,None
"585,882,168,49",PSMAD1,PMC5241026__nihms839270f8.jpg,TP,pSMAD
"308,954,135,39",NEURAL,PMC5241026__nihms839270f8.jpg,FP,None
"239,1007,281,35",DIFFERENTIATION,PMC5241026__nihms839270f8.jpg,DELETE,DELETE
"539,1006,115,42",F---,PMC5241026__nihms839270f8.jpg,FP,None
"329,21,52,16",ETOH,PMC5404978__nihms860625f10.jpg,TP,EtOH
"327,182,66,16",FOX01,PMC5404978__nihms860625f10.jpg,FP,None
"322,356,66,17",AMPK,PMC5404978__nihms860625f10.jpg,TP,AMPK
"629,426,91,17",MTORC1,PMC5404978__nihms860625f10.jpg,TP,MTORC1
"450,460,33,11",S555,PMC5404978__nihms860625f10.jpg,FP,None
"208,502,34,13",S164,PMC5404978__nihms860625f10.jpg,FP,None
"475,499,40,17",ULK,PMC5404978__nihms860625f10.jpg,TP,ULK 1
"525,500,9,15",1,PMC5404978__nihms860625f10.jpg,DELETE,DELETE
"21,517,85,17",14-3-30,PMC5404978__nihms860625f10.jpg,DELETE,DELETE
"531,542,33,10",S757,PMC5404978__nihms860625f10.jpg,FP,None
"148,545,74,17",PIK3C3,PMC5404978__nihms860625f10.jpg,TP,PIK3C3
"50,565,68,16",ATG14,PMC5404978__nihms860625f10.jpg,TP,ATG7
"294,565,25,11",S93,PMC5404978__nihms860625f10.jpg,FP,None
"214,596,70,17",BECN1,PMC5404978__nihms860625f10.jpg,TP,BECN1
"87,608,98,17",AMBRA1,PMC5404978__nihms860625f10.jpg,TP,AMBRA1
"290,626,32,14",S14,PMC5404978__nihms860625f10.jpg,FP,None
"103,878,91,19",SQSTM1,PMC5404978__nihms860625f10.jpg,TP,SQSTM1
"291,878,51,16",LC3B,PMC5404978__nihms860625f10.jpg,TP,LC3B
"438,876,55,16",ATG7,PMC5404978__nihms860625f10.jpg,TP,ATG7
"5,5,148,26",LIPO-PGE1,PMC5482458__pone.0179614.g005.jpg,DELETE,DELETE
"264,225,85,20",ERK1ERK2,PMC5482458__pone.0179614.g005.jpg,DELETE,DELETE
"371,385,67,22",ETS-1,PMC5482458__pone.0179614.g005.jpg,TP,ETS
"146,714,145,33",COLLAGEN,PMC5482458__pone.0179614.g005.jpg,DELETE,DELETE
"300,714,177,33",PRODUCTION,PMC5482458__pone.0179614.g005.jpg,DELETE,DELETE
"359,11,45,10",TGFBS,PMC5541090__41598_2017_6522_Fig1_HTML.jpg,TP,TGFBS
"561,14,39,10",NREP,PMC5541090__41598_2017_6522_Fig1_HTML.jpg,TP,NREP
"202,96,55,10",TGFBR1,PMC5541090__41598_2017_6522_Fig1_HTML.jpg,TP,TGFBR1
"270,90,69,19",TGFBR2,PMC5541090__41598_2017_6522_Fig1_HTML.jpg,TP,TGFBR1
"330,152,49,11",SMAD2,PMC5541090__41598_2017_6522_Fig1_HTML.jpg,TP,SMAD2
"331,175,49,11",SMAD3,PMC5541090__41598_2017_6522_Fig1_HTML.jpg,TP,SMAD2
"561,206,49,11",SMAD4,PMC5541090__41598_2017_6522_Fig1_HTML.jpg,TP,SMAD2
"118,345,40,10",HIPK2,PMC5541090__41598_2017_6522_Fig1_HTML.jpg,TP,HIPK2
"420,384,58,10",PRDM16,PMC5541090__41598_2017_6522_Fig1_HTML.jpg,TP,PRDM16
"152,416,102,16",TRANSCRIPTION,PMC5541090__41598_2017_6522_Fig1_HTML.jpg,DELETE,DELETE
"84,426,29,10",DNA,PMC5541090__41598_2017_6522_Fig1_HTML.jpg,FP,None
"327,14,37,15",TPA,PMC5642883__BMRI2017-9592501.008.jpg,TP,TPA
"79,32,95,16",MEMBRANE,PMC5642883__BMRI2017-9592501.008.jpg,DELETE,DELETE
"314,192,73,15",MEK1MEK2,PMC5642883__BMRI2017-9592501.008.jpg,DELETE,DELETE
"75,216,67,24",CYTOSOL,PMC5642883__BMRI2017-9592501.008.jpg,FP,None
"316,313,67,14",ERK1ERK2,PMC5642883__BMRI2017-9592501.008.jpg,DELETE,DELETE
"341,443,21,14",XS,PMC5642883__BMRI2017-9592501.008.jpg,TP,XS
"418,439,18,15",D-,PMC5642883__BMRI2017-9592501.008.jpg,FP,None
"339,576,21,15",XS,PMC5642883__BMRI2017-9592501.008.jpg,TP,XS
"76,596,71,15",NUCLEUS,PMC5642883__BMRI2017-9592501.008.jpg,FP,None
"562,620,50,14",LCN2,PMC5642883__BMRI2017-9592501.008.jpg,TP,LCN2
"320,660,38,13",TRE,PMC5642883__BMRI2017-9592501.008.jpg,FP,None
"151,17,57,15",MST1MST2,PMC5788631__oncotarget-09-2175-g012.jpg,DELETE,DELETE
"159,91,60,15",LAST1LAST2,PMC5788631__oncotarget-09-2175-g012.jpg,DELETE,DELETE
"422,110,38,12",CTGF,PMC5788631__oncotarget-09-2175-g012.jpg,FP,None
"568,113,66,15",MIRNA-CTGF,PMC5788631__oncotarget-09-2175-g012.jpg,DELETE,DELETE
"291,135,27,12",YAP,PMC5788631__oncotarget-09-2175-g012.jpg,TP,YAP
"405,147,68,5",PROTEIN,PMC5788631__oncotarget-09-2175-g012.jpg,FP,None
"81,148,27,14",YAP,PMC5788631__oncotarget-09-2175-g012.jpg,TP,YAP
"30,173,52,18",14-3-3,PMC5788631__oncotarget-09-2175-g012.jpg,DELETE,DELETE
"595,176,5,12",?,PMC5788631__oncotarget-09-2175-g012.jpg,DELETE,DELETE
"423,237,50,6",CTGF,PMC5788631__oncotarget-09-2175-g012.jpg,FP,None
"225,268,27,11",YAP,PMC5788631__oncotarget-09-2175-g012.jpg,TP,YAP
"417,274,58,5",MRNA,PMC5788631__oncotarget-09-2175-g012.jpg,FP,None
"245,295,40,11",TEAD,PMC5788631__oncotarget-09-2175-g012.jpg,FP,None
"388,314,37,12",CTGF,PMC5788631__oncotarget-09-2175-g012.jpg,FP,None
"9,11,29,6",YWHAZ,PMC5850946__12859_2018_2036_Fig5_HTML.jpg,FP,None
"85,11,28,6",CALMI,PMC5850946__12859_2018_2036_Fig5_HTML.jpg,FP,None
"162,11,25,6",FGFR3,PMC5850946__12859_2018_2036_Fig5_HTML.jpg,TP,FGFR3
"283,38,23,7",ITGBS,PMC5850946__12859_2018_2036_Fig5_HTML.jpg,FP,None
"389,38,28,6",LAMA2,PMC5850946__12859_2018_2036_Fig5_HTML.jpg,TP,LAMA2
"466,38,21,6",GRB2,PMC5850946__12859_2018_2036_Fig5_HTML.jpg,TP,GRB2
"665,38,25,6",FGFR4,PMC5850946__12859_2018_2036_Fig5_HTML.jpg,TP,FGFR3
"741,37,23,9",PRKCI,PMC5850946__12859_2018_2036_Fig5_HTML.jpg,TP,PRKCI
"531,83,21,6",AKTI,PMC5850946__12859_2018_2036_Fig5_HTML.jpg,FP,None
"151,87,37,15",(COLAAS,PMC5850946__12859_2018_2036_Fig5_HTML.jpg,FP,None
"10,91,22,6",CDH1,PMC5850946__12859_2018_2036_Fig5_HTML.jpg,TP,CDH1
"87,91,20,6",HRAS,PMC5850946__12859_2018_2036_Fig5_HTML.jpg,TP,HRAS
"233,100,21,6",SGKI,PMC5850946__12859_2018_2036_Fig5_HTML.jpg,FP,None
"377,115,21,7",TSC2,PMC5850946__12859_2018_2036_Fig5_HTML.jpg,TP,TSC2
"663,117,27,6",RAPIA,PMC5850946__12859_2018_2036_Fig5_HTML.jpg,FP,None
"730,115,42,10",PPP2R3A,PMC5850946__12859_2018_2036_Fig5_HTML.jpg,TP,PPP2R3A
"590,134,25,7",FGFR2,PMC5850946__12859_2018_2036_Fig5_HTML.jpg,TP,FGFR3
"181,161,31,18",CCNDI,PMC5850946__12859_2018_2036_Fig5_HTML.jpg,FP,None
"358,193,20,6",PTEN,PMC5850946__12859_2018_2036_Fig5_HTML.jpg,TP,PTEN
"130,203,16,6",KDR,PMC5850946__12859_2018_2036_Fig5_HTML.jpg,TP,KDR
"577,84,79,12",FIBRONECTIN,PMC5908975__fnmol-11-00130-g0007.jpg,DELETE,DELETE
"105,92,76,17",CILENGITIDE,PMC5908975__fnmol-11-00130-g0007.jpg,DELETE,DELETE
"395,115,63,18",INTEGRINS,PMC5908975__fnmol-11-00130-g0007.jpg,DELETE,DELETE
"276,253,26,13",FAK,PMC5908975__fnmol-11-00130-g0007.jpg,TP,FAK
"303,281,55,16",PAXILLIN,PMC5908975__fnmol-11-00130-g0007.jpg,DELETE,DELETE
"244,409,30,11",AKT,PMC5908975__fnmol-11-00130-g0007.jpg,TP,AKT
"535,468,50,14",MMP2,PMC5908975__fnmol-11-00130-g0007.jpg,TP,MMP2
"52,486,26,14",ERK,PMC5908975__fnmol-11-00130-g0007.jpg,TP,ERK
"534,492,51,15",MMP9,PMC5908975__fnmol-11-00130-g0007.jpg,TP,MMP2
"427,507,38,12",SOX-2,PMC5908975__fnmol-11-00130-g0007.jpg,TP,SOX
"205,537,26,14",P53,PMC5908975__fnmol-11-00130-g0007.jpg,TP,P53
"22,584,42,15",CYCLIN,PMC5908975__fnmol-11-00130-g0007.jpg,FP,None
"70,581,23,18",D1),PMC5908975__fnmol-11-00130-g0007.jpg,FP,None
"337,585,32,17",P-GP,PMC5908975__fnmol-11-00130-g0007.jpg,TP,P-GP
"160,629,70,13",APOPTOSIS,PMC5908975__fnmol-11-00130-g0007.jpg,DELETE,DELETE
"395,626,103,14",DIFFERENTIATION,PMC5908975__fnmol-11-00130-g0007.jpg,DELETE,DELETE
"510,667,22,12",CELL,PMC5908975__fnmol-11-00130-g0007.jpg,FP,None
"539,667,83,13",ATTACHMENT,PMC5908975__fnmol-11-00130-g0007.jpg,DELETE,DELETE
"4,677,88,16",PROLIFERATION,PMC5908975__fnmol-11-00130-g0007.jpg,DELETE,DELETE
"230,719,123,13",CHEMORESISTANCE,PMC5908975__fnmol-11-00130-g0007.jpg,DELETE,DELETE
"55,12,27,11",PTCH,PMC5949124__IBJ-22-217-g001.jpg,TP,PTCH
"198,13,32,10",SMO,PMC5949124__IBJ-22-217-g001.jpg,TP,SMO
"339,13,18,16",HH,PMC5949124__IBJ-22-217-g001.jpg,FP,None
"362,16,37,15",LIGANDS,PMC5949124__IBJ-22-217-g001.jpg,FP,None
"463,14,27,11",PTCH,PMC5949124__IBJ-22-217-g001.jpg,TP,PTCH
"606,15,32,10",SMO,PMC5949124__IBJ-22-217-g001.jpg,TP,SMO
"131,158,20,10",GLI,PMC5949124__IBJ-22-217-g001.jpg,TP,GLI
"537,157,20,13",GLI,PMC5949124__IBJ-22-217-g001.jpg,TP,GLI
"110,176,64,18",(GLI13)(GLI1(GLI12,PMC5949124__IBJ-22-217-g001.jpg,DELETE,DELETE
"515,178,64,14",(GLI13)(GLI1(GLI12,PMC5949124__IBJ-22-217-g001.jpg,DELETE,DELETE
"14,272,46,10",NUCLEUS,PMC5949124__IBJ-22-217-g001.jpg,FP,None
"428,270,47,13",NUCLEUS,PMC5949124__IBJ-22-217-g001.jpg,FP,None
"98,333,43,12",TARGET,PMC5949124__IBJ-22-217-g001.jpg,FP,None
"146,336,39,10",GENES,PMC5949124__IBJ-22-217-g001.jpg,FP,None
"509,333,42,12",TARGET,PMC5949124__IBJ-22-217-g001.jpg,FP,None
"557,335,39,10",GENES,PMC5949124__IBJ-22-217-g001.jpg,FP,None
"251,408,5,7",A,PMC5949124__IBJ-22-217-g001.jpg,DELETE,DELETE
"657,403,7,10",B,PMC5949124__IBJ-22-217-g001.jpg,DELETE,DELETE
"153,32,65,11",PDGFBB,PMC5967041__12885_2018_4500_Fig4_HTML.jpg,FP,None
"519,119,50,12",CDCP1,PMC5967041__12885_2018_4500_Fig4_HTML.jpg,FP,None
"268,152,64,15",PDGFRB,PMC5967041__12885_2018_4500_Fig4_HTML.jpg,FP,None
"636,516,52,14",PROTEIN,PMC5967041__12885_2018_4500_Fig4_HTML.jpg,FP,None
"636,529,106,19",NEO-SYNTHESIS,PMC5967041__12885_2018_4500_Fig4_HTML.jpg,DELETE,DELETE
"255,537,45,17",ERK1ERK2,PMC5967041__12885_2018_4500_Fig4_HTML.jpg,DELETE,DELETE
"380,534,53,18",MRNA,PMC5967041__12885_2018_4500_Fig4_HTML.jpg,FP,None
"256,632,49,11",UO126,PMC5967041__12885_2018_4500_Fig4_HTML.jpg,TP,UO126
"231,16,24,10",FSH,PMC6241696__ott-11-8107Fig4.jpg,FP,None
"226,36,34,10",FSHR,PMC6241696__ott-11-8107Fig4.jpg,FP,None
"232,166,27,10",PKA,PMC6241696__ott-11-8107Fig4.jpg,TP,PKA
"222,261,46,13",GSK-3B,PMC6241696__ott-11-8107Fig4.jpg,FP,None
"221,310,7,9",P,PMC6241696__ott-11-8107Fig4.jpg,DELETE,DELETE
"218,373,67,12",NF-KB(P65),PMC6241696__ott-11-8107Fig4.jpg,DELETE,DELETE
"471,376,42,9",CASP3,PMC6241696__ott-11-8107Fig4.jpg,TP,CASP3
"239,490,36,14",NF-KB,PMC6241696__ott-11-8107Fig4.jpg,TP,NF-KB
"562,529,46,12",CERVICAL,PMC6241696__ott-11-8107Fig4.jpg,DELETE,DELETE
"614,532,39,7",CANCER,PMC6241696__ott-11-8107Fig4.jpg,FP,None
"658,530,18,9",CELL,PMC6241696__ott-11-8107Fig4.jpg,FP,None
"572,546,68,12",PROLIFERATION,PMC6241696__ott-11-8107Fig4.jpg,DELETE,DELETE
"646,546,20,9",AND,PMC6241696__ott-11-8107Fig4.jpg,FP,None
"591,563,56,11",APOPTOSIS,PMC6241696__ott-11-8107Fig4.jpg,DELETE,DELETE
"281,566,36,12",TARGET,PMC6241696__ott-11-8107Fig4.jpg,FP,None
"322,569,28,9",GENE,PMC6241696__ott-11-8107Fig4.jpg,FP,None
"356,566,62,12",EXPRESSION,PMC6241696__ott-11-8107Fig4.jpg,DELETE,DELETE
"406,11,13,8",IL6,PMC6307990__gr7.jpg,TP,IL6
"455,9,13,6",IL6,PMC6307990__gr7.jpg,TP,IL6
"638,22,14,6",IL6,PMC6307990__gr7.jpg,TP,IL6
"459,106,20,7",ILGR,PMC6307990__gr7.jpg,FP,None
"423,176,55,17",TRYPTOPHAN,PMC6307990__gr7.jpg,DELETE,DELETE
"290,211,42,12",P-STAT3,PMC6307990__gr7.jpg,TP,STAT3
"451,233,22,12",IDO1,PMC6307990__gr7.jpg,TP,IDO1
"510,244,65,15",KYNURENINE,PMC6307990__gr7.jpg,DELETE,DELETE
"129,285,40,7",INVASION,PMC6307990__gr7.jpg,DELETE,DELETE
"11,288,46,9",MIGRATION,PMC6307990__gr7.jpg,DELETE,DELETE
"77,288,19,7",EMT,PMC6307990__gr7.jpg,TP,EMT
"225,373,47,14",P-STAT,PMC6307990__gr7.jpg,TP,STAT3
"93,374,26,6",PD-L1,PMC6307990__gr7.jpg,TP,PD-L1
"339,379,26,7",IDO1,PMC6307990__gr7.jpg,TP,IDO1
"418,379,19,13",IL6,PMC6307990__gr7.jpg,TP,IL6
"421,86,40,17",PM,PMC6322368__medscimonit-24-9413-g008.jpg,FP,None
"211,115,42,21",ORAIL,PMC6322368__medscimonit-24-9413-g008.jpg,FP,None
"584,145,39,13",DAG,PMC6322368__medscimonit-24-9413-g008.jpg,TP,DAG
"226,188,43,18",CA,PMC6322368__medscimonit-24-9413-g008.jpg,FP,None
"74,212,50,14",STIM1,PMC6322368__medscimonit-24-9413-g008.jpg,TP,STIM1
"471,196,44,13",CA,PMC6322368__medscimonit-24-9413-g008.jpg,FP,None
"520,187,53,12",PKC.,PMC6322368__medscimonit-24-9413-g008.jpg,FP,None
"170,277,42,18",CA,PMC6322368__medscimonit-24-9413-g008.jpg,FP,None
"543,297,26,13",IKB,PMC6322368__medscimonit-24-9413-g008.jpg,TP,IKB
"480,317,55,14",NF-KB,PMC6322368__medscimonit-24-9413-g008.jpg,TP,NF-KB
"296,309,21,14",ER,PMC6322368__medscimonit-24-9413-g008.jpg,FP,None
"509,49,63,21",NOS1,PMC6451008__41419_2019_1542_Fig1_HTML.jpg,TP,NOS1
"480,99,34,13",PDZ,PMC6451008__41419_2019_1542_Fig1_HTML.jpg,FP,None
"521,97,69,16",DOMAIN,PMC6451008__41419_2019_1542_Fig1_HTML.jpg,FP,None
"396,108,27,14",NO,PMC6451008__41419_2019_1542_Fig1_HTML.jpg,FP,None
"217,141,121,18",SNO-PTEN,PMC6451008__41419_2019_1542_Fig1_HTML.jpg,DELETE,DELETE
"515,144,58,22",PTEN,PMC6451008__41419_2019_1542_Fig1_HTML.jpg,TP,PTEN
"150,146,33,11",CYS83,PMC6451008__41419_2019_1542_Fig1_HTML.jpg,FP,None
"260,252,48,16",AKT,PMC6451008__41419_2019_1542_Fig1_HTML.jpg,TP,AKT
"246,369,71,17",MTOR,PMC6451008__41419_2019_1542_Fig1_HTML.jpg,TP,MTOR
"265,404,39,56",I.,PMC6451008__41419_2019_1542_Fig1_HTML.jpg,FP,None
"227,492,130,24",AUTOPHAGY,PMC6451008__41419_2019_1542_Fig1_HTML.jpg,DELETE,DELETE
"296,576,10,33",2.,PMC6451008__41419_2019_1542_Fig1_HTML.jpg,DELETE,DELETE
"459,38,91,20",HIF-1A,PMC6643126__ijmsv16p0960g005.jpg,TP,HIF
"50,116,145,20",METFORMIN,PMC6643126__ijmsv16p0960g005.jpg,DELETE,DELETE
"559,174,25,24",P),PMC6643126__ijmsv16p0960g005.jpg,FP,None
"448,208,95,25",P70S6K,PMC6643126__ijmsv16p0960g005.jpg,FP,None
"470,361,76,18",PKM2,PMC6643126__ijmsv16p0960g005.jpg,TP,PKM2
"306,495,60,11",EPITHELIAL,PMC6643126__ijmsv16p0960g005.jpg,DELETE,DELETE
"628,501,77,7",MESENCHYMAL,PMC6643126__ijmsv16p0960g005.jpg,DELETE,DELETE
"491,532,32,11",EMT,PMC6643126__ijmsv16p0960g005.jpg,TP,EMT
"250,37,56,25",CH3,PMC6675870__fphar-10-00784-g006.jpg,FP,None
"256,110,25,19",CI,PMC6675870__fphar-10-00784-g006.jpg,FP,None
"139,145,35,23",OH,PMC6675870__fphar-10-00784-g006.jpg,FP,None
"195,147,17,19",O,PMC6675870__fphar-10-00784-g006.jpg,DELETE,DELETE
"151,182,86,24",CHPL,PMC6675870__fphar-10-00784-g006.jpg,FP,None
"121,342,134,37",MEK1MEK2,PMC6675870__fphar-10-00784-g006.jpg,DELETE,DELETE
"438,395,73,22",MCL-1,PMC6675870__fphar-10-00784-g006.jpg,TP,MCL
"637,400,54,22",BAX,PMC6675870__fphar-10-00784-g006.jpg,TP,BAX
"445,474,72,23",BCL-2,PMC6675870__fphar-10-00784-g006.jpg,TP,BCL
"636,475,55,22",BAK,PMC6675870__fphar-10-00784-g006.jpg,TP,BAK
"146,494,104,35",ERK1ERK2,PMC6675870__fphar-10-00784-g006.jpg,DELETE,DELETE
"256,753,171,35",CYTOCHROME,PMC6675870__fphar-10-00784-g006.jpg,DELETE,DELETE
"437,766,12,16",C,PMC6675870__fphar-10-00784-g006.jpg,DELETE,DELETE
"1,833,139,29",CASPASE,PMC6675870__fphar-10-00784-g006.jpg,FP,None
"152,834,157,23",ACTIVATION,PMC6675870__fphar-10-00784-g006.jpg,DELETE,DELETE
"42,988,57,24",CELL,PMC6675870__fphar-10-00784-g006.jpg,FP,None
"115,988,89,24",DEATH,PMC6675870__fphar-10-00784-g006.jpg,FP,None
"479,80,29,10",EPC,PMC6681686__medscimonit-25-5572-g005.jpg,TP,EPC
"84,124,32,11",OPG,PMC6681686__medscimonit-25-5572-g005.jpg,TP,OPG
"287,135,66,18",AMD3100,PMC6681686__medscimonit-25-5572-g005.jpg,FP,None
"231,212,51,11",CXCR4,PMC6681686__medscimonit-25-5572-g005.jpg,TP,CXCR4
"160,289,14,8",GA,PMC6681686__medscimonit-25-5572-g005.jpg,FP,None
"122,311,14,10",GB,PMC6681686__medscimonit-25-5572-g005.jpg,FP,None
"179,345,66,17",LY294002,PMC6681686__medscimonit-25-5572-g005.jpg,DELETE,DELETE
"550,355,26,10",CELL,PMC6681686__medscimonit-25-5572-g005.jpg,FP,None
"520,373,87,12",PROLIFERATION,PMC6681686__medscimonit-25-5572-g005.jpg,DELETE,DELETE
"356,384,29,10",AKT,PMC6681686__medscimonit-25-5572-g005.jpg,TP,AKT
"551,392,25,10",AND,PMC6681686__medscimonit-25-5572-g005.jpg,FP,None
"529,409,68,14",MIGRATION,PMC6681686__medscimonit-25-5572-g005.jpg,DELETE,DELETE
"139,424,32,10",PI3K,PMC6681686__medscimonit-25-5572-g005.jpg,TP,PI3K
"221,3,191,39",HEDGEHOG,PMC6820189__10.1177_1559325819885293-fig2.jpg,DELETE,DELETE
"46,52,43,29",HH,PMC6820189__10.1177_1559325819885293-fig2.jpg,FP,None
"434,113,93,31",SMO,PMC6820189__10.1177_1559325819885293-fig2.jpg,TP,SMO
"110,163,120,31",PTCHI,PMC6820189__10.1177_1559325819885293-fig2.jpg,FP,None
"117,423,46,31",GLI,PMC6820189__10.1177_1559325819885293-fig2.jpg,TP,GLI
"434,424,92,33",GLIACT,PMC6820189__10.1177_1559325819885293-fig2.jpg,TP,GLIACT
"251,653,32,11",GLIACT,PMC6820189__10.1177_1559325819885293-fig2.jpg,TP,GLIACT
"230,675,209,20",0000000000O,PMC6820189__10.1177_1559325819885293-fig2.jpg,DELETE,DELETE
