[{"image_size": [488, 650]}, {"normalized_coordinates": [[318, 13], [349, 13], [349, 28], [318, 28]], "gene_name": "NAC", "coordinates": [318, 13, 31, 15]}, {"normalized_coordinates": [[187, 22], [215, 22], [215, 37], [187, 37]], "gene_name": "GL", "coordinates": [187, 22, 28, 15]}, {"normalized_coordinates": [[142, 153], [173, 153], [173, 161], [142, 161]], "gene_name": "PH2AX", "coordinates": [142, 153, 31, 8]}, {"normalized_coordinates": [[345, 150], [420, 150], [420, 163], [345, 163]], "gene_name": "P-ATMATR", "coordinates": [345, 150, 75, 13]}, {"normalized_coordinates": [[526, 154], [569, 154], [569, 163], [526, 163]], "gene_name": "CAFFEINE", "coordinates": [526, 154, 43, 9]}, {"normalized_coordinates": [[358, 264], [408, 264], [408, 278], [358, 278]], "gene_name": "P-CHK1", "coordinates": [358, 264, 50, 14]}, {"normalized_coordinates": [[504, 265], [559, 265], [559, 279], [504, 279]], "gene_name": "UCN-01", "coordinates": [504, 265, 55, 14]}, {"normalized_coordinates": [[93, 281], [163, 281], [163, 296], [93, 296]], "gene_name": "APOPTOSIS", "coordinates": [93, 281, 70, 15]}, {"normalized_coordinates": [[355, 357], [411, 357], [411, 369], [355, 369]], "gene_name": "CDC25C", "coordinates": [355, 357, 56, 12]}, {"normalized_coordinates": [[169, 385], [226, 385], [226, 399], [169, 399]], "gene_name": "P-CDK1", "coordinates": [169, 385, 57, 14]}, {"normalized_coordinates": [[550, 386], [592, 386], [592, 397], [550, 397]], "gene_name": "CDK1", "coordinates": [550, 386, 42, 11]}, {"normalized_coordinates": [[187, 423], [232, 423], [232, 437], [187, 437]], "gene_name": "CYCLIN", "coordinates": [187, 423, 45, 14]}, {"normalized_coordinates": [[239, 423], [248, 423], [248, 434], [239, 434]], "gene_name": "B", "coordinates": [239, 423, 9, 11]}, {"normalized_coordinates": [[556, 422], [601, 422], [601, 438], [556, 438]], "gene_name": "CYCLIN", "coordinates": [556, 422, 45, 16]}, {"normalized_coordinates": [[609, 423], [617, 423], [617, 435], [609, 435]], "gene_name": "B", "coordinates": [609, 423, 8, 12]}, {"normalized_coordinates": [[32, 460], [72, 460], [72, 474], [32, 474]], "gene_name": "GMG2", "coordinates": [32, 460, 40, 14]}, {"normalized_coordinates": [[79, 462], [116, 462], [116, 474], [79, 474]], "gene_name": "ARREST", "coordinates": [79, 462, 37, 12]}]