{"14":{"image_id":33,"file_name":"validation\\img\/PMC5788631__oncotarget-09-2175-g012.jpg","category_id":0,"bbox":[174.1734313965,42.5880508423,15.153717041,35.9486083984],"normalized_bbox":[[174,42],[189,42],[189,78],[174,78]],"startor":"MST1MST2","relation_category":null,"receptor":"LAST1LAST2"},"15":{"image_id":33,"file_name":"validation\\img\/PMC5788631__oncotarget-09-2175-g012.jpg","category_id":0,"bbox":[552.7541503906,157.5731506348,53.6699829102,36.1225585938],"normalized_bbox":[[552,157],[606,157],[606,193],[552,193]],"startor":"MIRNA-CTGF","relation_category":null,"receptor":"?"},"16":{"image_id":33,"file_name":"validation\\img\/PMC5788631__oncotarget-09-2175-g012.jpg","category_id":0,"bbox":[393.4789733887,272.5374755859,31.2691345215,33.1665344238],"normalized_bbox":[[393,272],[424,272],[424,305],[393,305]],"startor":"MRNA","relation_category":null,"receptor":"CTGF"},"17":{"image_id":33,"file_name":"validation\\img\/PMC5788631__oncotarget-09-2175-g012.jpg","category_id":0,"bbox":[184.8975524902,118.956199646,31.0825653076,29.9590072632],"normalized_bbox":[[184,118],[215,118],[215,148],[184,148]],"startor":"MST1MST2","relation_category":null,"receptor":"LAST1LAST2"},"18":{"image_id":33,"file_name":"validation\\img\/PMC5788631__oncotarget-09-2175-g012.jpg","category_id":0,"bbox":[492.3839111328,139.3077697754,57.5404663086,60.0071868896],"normalized_bbox":[[492,139],[549,139],[549,199],[492,199]],"startor":"?","relation_category":null,"receptor":"PROTEIN"},"19":{"image_id":33,"file_name":"validation\\img\/PMC5788631__oncotarget-09-2175-g012.jpg","category_id":0,"bbox":[135.3271179199,144.2908325195,119.739654541,18.5916137695],"normalized_bbox":[[135,144],[255,144],[255,162],[135,162]],"startor":"YAP","relation_category":null,"receptor":"YAP"}}