[{"image_size": [679, 787]}, {"normalized_coordinates": [[153, 32], [218, 32], [218, 43], [153, 43]], "gene_name": "PDGFBB", "coordinates": [153, 32, 65, 11]}, {"normalized_coordinates": [[519, 119], [569, 119], [569, 131], [519, 131]], "gene_name": "CDCP1", "coordinates": [519, 119, 50, 12]}, {"normalized_coordinates": [[268, 152], [332, 152], [332, 167], [268, 167]], "gene_name": "PDGFRB", "coordinates": [268, 152, 64, 15]}, {"normalized_coordinates": [[636, 516], [688, 516], [688, 530], [636, 530]], "gene_name": "PROTEIN", "coordinates": [636, 516, 52, 14]}, {"normalized_coordinates": [[636, 529], [742, 529], [742, 548], [636, 548]], "gene_name": "NEO-SYNTHESIS", "coordinates": [636, 529, 106, 19]}, {"normalized_coordinates": [[255, 537], [300, 537], [300, 554], [255, 554]], "gene_name": "ERK1ERK2", "coordinates": [255, 537, 45, 17]}, {"normalized_coordinates": [[380, 534], [433, 534], [433, 552], [380, 552]], "gene_name": "MRNA", "coordinates": [380, 534, 53, 18]}, {"normalized_coordinates": [[256, 632], [305, 632], [305, 643], [256, 643]], "gene_name": "UO126", "coordinates": [256, 632, 49, 11]}]