{"17":{"image_id":27,"file_name":"validation\\img\/PMC5238375__srep40523-f2.jpg","category_id":2,"bbox":[345.6778564453,444.372253418,28.4194030762,58.5385742188],"normalized_bbox":[[345,444],[374,444],[374,502],[345,502]],"startor":"ANG(1-7)","relation_category":null,"receptor":"MAS"},"18":{"image_id":27,"file_name":"validation\\img\/PMC5238375__srep40523-f2.jpg","category_id":0,"bbox":[256.9506835938,476.6862182617,25.7826843262,51.4584960938],"normalized_bbox":[[256,476],[282,476],[282,528],[256,528]],"startor":"ANG","relation_category":null,"receptor":"ATIR"},"19":{"image_id":27,"file_name":"validation\\img\/PMC5238375__srep40523-f2.jpg","category_id":2,"bbox":[346.7620849609,352.7956237793,27.2667236328,53.1542053223],"normalized_bbox":[[346,352],[374,352],[374,405],[346,405]],"startor":"ACE2","relation_category":null,"receptor":"ANG(1-7)"},"22":{"image_id":27,"file_name":"validation\\img\/PMC5238375__srep40523-f2.jpg","category_id":0,"bbox":[129.3858032227,230.2089691162,119.4472198486,139.4568328857],"normalized_bbox":[[129,230],[248,230],[248,369],[129,369]],"startor":"LXR-A","relation_category":null,"receptor":"P38ATIR"},"23":{"image_id":27,"file_name":"validation\\img\/PMC5238375__srep40523-f2.jpg","category_id":0,"bbox":[64.4139938354,333.6741027832,60.9488143921,40.9773254395],"normalized_bbox":[[64,333],[125,333],[125,374],[64,374]],"startor":"PFD","relation_category":null,"receptor":"LXR-A"},"24":{"image_id":27,"file_name":"validation\\img\/PMC5238375__srep40523-f2.jpg","category_id":0,"bbox":[533.9534912109,320.9661254883,72.5925292969,48.2015991211],"normalized_bbox":[[533,320],[606,320],[606,369],[533,369]],"startor":"PFD","relation_category":null,"receptor":"LXR-A"},"25":{"image_id":27,"file_name":"validation\\img\/PMC5238375__srep40523-f2.jpg","category_id":0,"bbox":[258.0511169434,372.8935546875,23.2997741699,63.015838623],"normalized_bbox":[[258,372],[281,372],[281,435],[258,435]],"startor":"ACE","relation_category":null,"receptor":"ANG"},"26":{"image_id":27,"file_name":"validation\\img\/PMC5238375__srep40523-f2.jpg","category_id":0,"bbox":[267.3764648438,262.1236877441,43.0836791992,70.0870361328],"normalized_bbox":[[267,262],[310,262],[310,332],[267,332]],"startor":"P38ATIR","relation_category":null,"receptor":"ACE"},"27":{"image_id":27,"file_name":"validation\\img\/PMC5238375__srep40523-f2.jpg","category_id":0,"bbox":[416.9346923828,234.4024200439,112.6714477539,124.8393096924],"normalized_bbox":[[416,234],[529,234],[529,359],[416,359]],"startor":"LXR-A","relation_category":null,"receptor":"MAPK"},"28":{"image_id":27,"file_name":"validation\\img\/PMC5238375__srep40523-f2.jpg","category_id":2,"bbox":[338.1444091797,261.5974731445,37.4991760254,55.5038146973],"normalized_bbox":[[338,261],[375,261],[375,317],[338,317]],"startor":"MAPK","relation_category":null,"receptor":"ACE2"},"29":{"image_id":27,"file_name":"validation\\img\/PMC5238375__srep40523-f2.jpg","category_id":0,"bbox":[307.2810058594,604.8550415039,47.0314941406,116.2039794922],"normalized_bbox":[[307,604],[354,604],[354,721],[307,721]],"startor":"ATIR","relation_category":null,"receptor":"CARDIAC"},"30":{"image_id":27,"file_name":"validation\\img\/PMC5238375__srep40523-f2.jpg","category_id":0,"bbox":[309.528503418,109.0493392944,42.633026123,97.9787826538],"normalized_bbox":[[309,109],[352,109],[352,207],[309,207]],"startor":"DAMAGE","relation_category":null,"receptor":"P38ATIR"},"31":{"image_id":27,"file_name":"validation\\img\/PMC5238375__srep40523-f2.jpg","category_id":0,"bbox":[82.2633743286,218.1799926758,140.4298095703,140.2692260742],"normalized_bbox":[[82,218],[222,218],[222,358],[82,358]],"startor":"P38ATIR","relation_category":null,"receptor":"LXR-A"},"32":{"image_id":27,"file_name":"validation\\img\/PMC5238375__srep40523-f2.jpg","category_id":0,"bbox":[474.5256958008,218.5814819336,148.12890625,135.0634460449],"normalized_bbox":[[474,218],[622,218],[622,353],[474,353]],"startor":"MAPK","relation_category":null,"receptor":"LXR-A"}}