[{"image_size": [596, 728]}, {"normalized_coordinates": [[459, 38], [550, 38], [550, 58], [459, 58]], "gene_name": "HIF-1A", "coordinates": [459, 38, 91, 20]}, {"normalized_coordinates": [[50, 116], [195, 116], [195, 136], [50, 136]], "gene_name": "METFORMIN", "coordinates": [50, 116, 145, 20]}, {"normalized_coordinates": [[559, 174], [584, 174], [584, 198], [559, 198]], "gene_name": "P)", "coordinates": [559, 174, 25, 24]}, {"normalized_coordinates": [[448, 208], [543, 208], [543, 233], [448, 233]], "gene_name": "P70S6K", "coordinates": [448, 208, 95, 25]}, {"normalized_coordinates": [[470, 361], [546, 361], [546, 379], [470, 379]], "gene_name": "PKM2", "coordinates": [470, 361, 76, 18]}, {"normalized_coordinates": [[306, 495], [366, 495], [366, 506], [306, 506]], "gene_name": "EPITHELIAL", "coordinates": [306, 495, 60, 11]}, {"normalized_coordinates": [[628, 501], [705, 501], [705, 508], [628, 508]], "gene_name": "MESENCHYMAL", "coordinates": [628, 501, 77, 7]}, {"normalized_coordinates": [[491, 532], [523, 532], [523, 543], [491, 543]], "gene_name": "EMT", "coordinates": [491, 532, 32, 11]}]