[{"image_size": [400, 640]}, {"normalized_coordinates": [[421, 86], [461, 86], [461, 103], [421, 103]], "gene_name": "PM", "coordinates": [421, 86, 40, 17]}, {"normalized_coordinates": [[211, 115], [253, 115], [253, 136], [211, 136]], "gene_name": "ORAIL", "coordinates": [211, 115, 42, 21]}, {"normalized_coordinates": [[584, 145], [623, 145], [623, 158], [584, 158]], "gene_name": "DAG", "coordinates": [584, 145, 39, 13]}, {"normalized_coordinates": [[226, 188], [269, 188], [269, 206], [226, 206]], "gene_name": "CA", "coordinates": [226, 188, 43, 18]}, {"normalized_coordinates": [[74, 212], [124, 212], [124, 226], [74, 226]], "gene_name": "STIM1", "coordinates": [74, 212, 50, 14]}, {"normalized_coordinates": [[471, 196], [515, 196], [515, 209], [471, 209]], "gene_name": "CA", "coordinates": [471, 196, 44, 13]}, {"normalized_coordinates": [[520, 187], [573, 187], [573, 199], [520, 199]], "gene_name": "PKC.", "coordinates": [520, 187, 53, 12]}, {"normalized_coordinates": [[170, 277], [212, 277], [212, 295], [170, 295]], "gene_name": "CA", "coordinates": [170, 277, 42, 18]}, {"normalized_coordinates": [[543, 297], [569, 297], [569, 310], [543, 310]], "gene_name": "IKB", "coordinates": [543, 297, 26, 13]}, {"normalized_coordinates": [[480, 317], [535, 317], [535, 331], [480, 331]], "gene_name": "NF-KB", "coordinates": [480, 317, 55, 14]}, {"normalized_coordinates": [[296, 309], [317, 309], [317, 323], [296, 323]], "gene_name": "ER", "coordinates": [296, 309, 21, 14]}]