[{"image_size": [1050, 782]}, {"normalized_coordinates": [[140, 48], [301, 48], [301, 86], [140, 86]], "gene_name": "D-", "coordinates": [140, 48, 161, 38]}, {"normalized_coordinates": [[404, 74], [573, 74], [573, 104], [404, 104]], "gene_name": "JAGGED", "coordinates": [404, 74, 169, 30]}, {"normalized_coordinates": [[152, 104], [238, 104], [238, 137], [152, 137]], "gene_name": "LIKE", "coordinates": [152, 104, 86, 33]}, {"normalized_coordinates": [[268, 318], [346, 318], [346, 347], [268, 347]], "gene_name": "A", "coordinates": [268, 318, 78, 29]}, {"normalized_coordinates": [[268, 353], [424, 353], [424, 388], [268, 388]], "gene_name": "-SECRETASE", "coordinates": [268, 353, 156, 35]}, {"normalized_coordinates": [[287, 452], [389, 452], [389, 486], [287, 486]], "gene_name": "G", "coordinates": [287, 452, 102, 34]}, {"normalized_coordinates": [[282, 493], [440, 493], [440, 518], [282, 518]], "gene_name": "-SECRETASE", "coordinates": [282, 493, 158, 25]}, {"normalized_coordinates": [[55, 795], [208, 795], [208, 767], [55, 767]], "gene_name": "NUCLEUS", "coordinates": [55, 795, 153, -28]}, {"normalized_coordinates": [[364, 834], [495, 834], [495, 879], [364, 879]], "gene_name": " MAM", "coordinates": [364, 834, 131, 45]}, {"normalized_coordinates": [[12, 872], [299, 872], [299, 921], [12, 921]], "gene_name": "CO-REPRESSORS", "coordinates": [12, 872, 287, 49]}, {"normalized_coordinates": [[178, 938], [301, 938], [301, 977], [178, 977]], "gene_name": " CBF1", "coordinates": [178, 938, 123, 39]}, {"normalized_coordinates": [[435, 938], [529, 938], [529, 984], [435, 984]], "gene_name": "CBF1", "coordinates": [435, 938, 94, 46]}, {"normalized_coordinates": [[575, 951], [743, 951], [743, 981], [575, 981]], "gene_name": "TARGETS", "coordinates": [575, 951, 168, 30]}, {"normalized_coordinates": [[532, 984], [614, 984], [614, 1030], [532, 1030]], "gene_name": " HES", "coordinates": [532, 984, 82, 46]}, {"normalized_coordinates": [[630, 989], [703, 989], [703, 1027], [630, 1027]], "gene_name": "HEY", "coordinates": [630, 989, 73, 38]}, {"normalized_coordinates": [[705, 985], [756, 985], [756, 1032], [705, 1032]], "gene_name": "ETC", "coordinates": [705, 985, 51, 47]}, {"normalized_coordinates": [[559, 382], [631, 382], [631, 249], [559, 249]], "gene_name": "NOTCH", "coordinates": [559, 382, 72, -133]}, {"normalized_coordinates": [[490, 451], [419, 451], [419, 535], [490, 535]], "gene_name": "NICD", "coordinates": [490, 451, -71, 84]}, {"normalized_coordinates": [[99, 300], [119, 300], [119, 485], [99, 485]], "gene_name": "NOTCH", "coordinates": [99, 300, 20, 185]}, {"normalized_coordinates": [[95, 444], [111, 444], [111, 597], [95, 597]], "gene_name": "NIGD", "coordinates": [95, 444, 16, 153]}]