[{"image_size": [609, 714]}, {"normalized_coordinates": [[660, 98], [697, 98], [697, 120], [660, 120]], "gene_name": "PM", "coordinates": [660, 98, 37, 22]}, {"normalized_coordinates": [[438, 126], [474, 126], [474, 138], [438, 138]], "gene_name": "PI3K", "coordinates": [438, 126, 36, 12]}, {"normalized_coordinates": [[546, 185], [592, 185], [592, 199], [546, 199]], "gene_name": "PAKT", "coordinates": [546, 185, 46, 14]}, {"normalized_coordinates": [[338, 179], [372, 179], [372, 193], [338, 193]], "gene_name": "AKT", "coordinates": [338, 179, 34, 14]}, {"normalized_coordinates": [[422, 233], [444, 233], [444, 277], [422, 277]], "gene_name": " NF-KB1", "coordinates": [422, 233, 22, 44]}, {"normalized_coordinates": [[395, 249], [392, 249], [392, 273], [395, 273]], "gene_name": "I", "coordinates": [395, 249, -3, 24]}, {"normalized_coordinates": [[406, 258], [406, 258], [406, 284], [406, 284]], "gene_name": "KB", "coordinates": [406, 258, 0, 26]}, {"normalized_coordinates": [[323, 357], [336, 357], [336, 373], [323, 373]], "gene_name": " PL", "coordinates": [323, 357, 13, 16]}, {"normalized_coordinates": [[342, 358], [363, 358], [363, 370], [342, 370]], "gene_name": "KB", "coordinates": [342, 358, 21, 12]}, {"normalized_coordinates": [[392, 399], [440, 399], [440, 413], [392, 413]], "gene_name": " NF-KB1", "coordinates": [392, 399, 48, 14]}, {"normalized_coordinates": [[267, 474], [317, 474], [317, 487], [267, 487]], "gene_name": "LIPOCALIN", "coordinates": [267, 474, 50, 13]}, {"normalized_coordinates": [[321, 474], [329, 474], [329, 487], [321, 487]], "gene_name": " 2", "coordinates": [321, 474, 8, 13]}, {"normalized_coordinates": [[261, 497], [333, 497], [333, 507], [261, 507]], "gene_name": "TRANSCRIPTION", "coordinates": [261, 497, 72, 10]}, {"normalized_coordinates": [[526, 525], [539, 525], [539, 541], [526, 541]], "gene_name": "N", "coordinates": [526, 525, 13, 16]}, {"normalized_coordinates": [[394, 529], [454, 529], [454, 546], [394, 546]], "gene_name": " NF-KB1", "coordinates": [394, 529, 60, 17]}]