{"19":{"image_id":12,"file_name":"validation\\img\/PMC3591436__pone.0053370.g006.jpg","category_id":2,"bbox":[336.0461730957,258.0925598145,26.8577880859,38.7177124023],"normalized_bbox":[[336,258],[362,258],[362,296],[336,296]],"startor":"GM6001","relation_category":null,"receptor":"MMP-9"},"20":{"image_id":12,"file_name":"validation\\img\/PMC3591436__pone.0053370.g006.jpg","category_id":0,"bbox":[232.7764282227,270.8227233887,17.7779846191,43.1969299316],"normalized_bbox":[[232,270],[250,270],[250,314],[232,314]],"startor":" NF-KB1","relation_category":null,"receptor":"MMP-9"},"21":{"image_id":12,"file_name":"validation\\img\/PMC3591436__pone.0053370.g006.jpg","category_id":0,"bbox":[126.5950775146,184.2574005127,16.6612243652,37.7944488525],"normalized_bbox":[[126,184],[143,184],[143,222],[126,222]],"startor":" NF-KB1","relation_category":null,"receptor":" NF-KB1"},"22":{"image_id":12,"file_name":"validation\\img\/PMC3591436__pone.0053370.g006.jpg","category_id":0,"bbox":[126.8887939453,251.4545898438,16.9700164795,41.8969421387],"normalized_bbox":[[126,251],[143,251],[143,293],[126,293]],"startor":" NF-KB1","relation_category":null,"receptor":" NF-KB1"},"23":{"image_id":12,"file_name":"validation\\img\/PMC3591436__pone.0053370.g006.jpg","category_id":2,"bbox":[139.466583252,191.5219421387,31.850479126,18.9061431885],"normalized_bbox":[[139,191],[171,191],[171,210],[139,210]],"startor":"MG132","relation_category":null,"receptor":" NF-KB1"},"24":{"image_id":12,"file_name":"validation\\img\/PMC3591436__pone.0053370.g006.jpg","category_id":0,"bbox":[87.6698913574,181.9217071533,50.672454834,29.3901672363],"normalized_bbox":[[87,181],[138,181],[138,211],[87,211]],"startor":" NF-KB1","relation_category":null,"receptor":"IKB-A"},"25":{"image_id":12,"file_name":"validation\\img\/PMC3591436__pone.0053370.g006.jpg","category_id":0,"bbox":[268.5379943848,260.1432495117,57.1792297363,41.132598877],"normalized_bbox":[[268,260],[325,260],[325,301],[268,301]],"startor":"MMP-9","relation_category":null,"receptor":"MMP-9"},"27":{"image_id":12,"file_name":"validation\\img\/PMC3591436__pone.0053370.g006.jpg","category_id":0,"bbox":[499.7301025391,103.411529541,66.7196655273,18.4035949707],"normalized_bbox":[[499,103],[566,103],[566,121],[499,121]],"startor":"EPITHELIUM","relation_category":null,"receptor":"SEGMENTS"},"28":{"image_id":12,"file_name":"validation\\img\/PMC3591436__pone.0053370.g006.jpg","category_id":0,"bbox":[363.8850402832,130.3768768311,76.2900390625,238.2589263916],"normalized_bbox":[[363,130],[440,130],[440,368],[363,368]],"startor":"GM6001","relation_category":null,"receptor":"MMP-9"},"29":{"image_id":12,"file_name":"validation\\img\/PMC3591436__pone.0053370.g006.jpg","category_id":0,"bbox":[115.1223373413,182.8244476318,25.8248977661,36.7695770264],"normalized_bbox":[[115,182],[140,182],[140,219],[115,219]],"startor":" NF-KB1","relation_category":null,"receptor":" NF-KB1"}}