{"21":{"image_id":18,"file_name":"validation\\img\/PMC3978517__genes-05-00147-g002.jpg","category_id":2,"bbox":[395.9844970703,499.8525695801,32.997467041,63.4113464355],"normalized_bbox":[[395,499],[428,499],[428,563],[395,563]],"startor":"DDK","relation_category":null,"receptor":"CYCLE"},"22":{"image_id":18,"file_name":"validation\\img\/PMC3978517__genes-05-00147-g002.jpg","category_id":0,"bbox":[379.1988830566,270.9372558594,25.0250854492,60.9638366699],"normalized_bbox":[[379,270],[404,270],[404,331],[379,331]],"startor":"EFFECTORS","relation_category":null,"receptor":"TRANSDUCERS"},"23":{"image_id":18,"file_name":"validation\\img\/PMC3978517__genes-05-00147-g002.jpg","category_id":2,"bbox":[396.9932861328,385.233581543,30.5101013184,65.6707763672],"normalized_bbox":[[396,385],[427,385],[427,450],[396,450]],"startor":"EFFECTORS","relation_category":null,"receptor":"DDK"},"24":{"image_id":18,"file_name":"validation\\img\/PMC3978517__genes-05-00147-g002.jpg","category_id":0,"bbox":[402.2886962891,269.1669006348,22.1975708008,63.788269043],"normalized_bbox":[[402,269],[424,269],[424,332],[402,332]],"startor":"TRANSDUCERS","relation_category":null,"receptor":"EFFECTORS"},"25":{"image_id":18,"file_name":"validation\\img\/PMC3978517__genes-05-00147-g002.jpg","category_id":0,"bbox":[403.0126342773,152.791015625,19.7417297363,62.9326934814],"normalized_bbox":[[403,152],[422,152],[422,215],[403,215]],"startor":"ATR","relation_category":null,"receptor":"TRANSDUCERS"},"26":{"image_id":18,"file_name":"validation\\img\/PMC3978517__genes-05-00147-g002.jpg","category_id":0,"bbox":[384.1213378906,152.6961364746,18.8630065918,64.3298492432],"normalized_bbox":[[384,152],[402,152],[402,217],[384,217]],"startor":"TRANSDUCERS","relation_category":null,"receptor":"ATR"},"27":{"image_id":18,"file_name":"validation\\img\/PMC3978517__genes-05-00147-g002.jpg","category_id":0,"bbox":[125.0981292725,150.2949371338,210.1136016846,110.3580474854],"normalized_bbox":[[125,150],[335,150],[335,260],[125,260]],"startor":"ATRIP","relation_category":null,"receptor":"O-1-1"},"28":{"image_id":18,"file_name":"validation\\img\/PMC3978517__genes-05-00147-g002.jpg","category_id":0,"bbox":[379.958190918,384.8805847168,25.2916259766,61.6854553223],"normalized_bbox":[[379,384],[405,384],[405,446],[379,446]],"startor":"CDKS","relation_category":null,"receptor":"EFFECTORS"},"29":{"image_id":18,"file_name":"validation\\img\/PMC3978517__genes-05-00147-g002.jpg","category_id":0,"bbox":[259.9597473145,153.6520690918,123.1334533691,44.0457763672],"normalized_bbox":[[259,153],[383,153],[383,197],[259,197]],"startor":"ATR","relation_category":null,"receptor":"RPA"},"30":{"image_id":18,"file_name":"validation\\img\/PMC3978517__genes-05-00147-g002.jpg","category_id":0,"bbox":[378.4484863281,495.3748168945,27.6901855469,62.3519287109],"normalized_bbox":[[378,495],[406,495],[406,557],[378,557]],"startor":"CYCLE","relation_category":null,"receptor":"CDKS"},"31":{"image_id":18,"file_name":"validation\\img\/PMC3978517__genes-05-00147-g002.jpg","category_id":0,"bbox":[430.6101989746,150.1890411377,123.2787780762,47.3293151855],"normalized_bbox":[[430,150],[553,150],[553,197],[430,197]],"startor":"TOPBP1","relation_category":null,"receptor":" FPC"}}