{"22":{"image_id":16,"file_name":"validation\\img\/PMC3932947__2040-2392-5-9-7.jpg","category_id":0,"bbox":[162.5375671387,158.2343902588,100.5414428711,61.0852203369],"normalized_bbox":[[162,158],[263,158],[263,219],[162,219]],"startor":"PI3K","relation_category":null,"receptor":"(+)"},"23":{"image_id":16,"file_name":"validation\\img\/PMC3932947__2040-2392-5-9-7.jpg","category_id":0,"bbox":[363.7427978516,350.2690429688,89.8869018555,58.7079467773],"normalized_bbox":[[363,350],[453,350],[453,408],[363,408]],"startor":" P","relation_category":null,"receptor":"(+)"},"24":{"image_id":16,"file_name":"validation\\img\/PMC3932947__2040-2392-5-9-7.jpg","category_id":0,"bbox":[336.131652832,161.1943054199,108.0121765137,48.6949920654],"normalized_bbox":[[336,161],[444,161],[444,209],[336,209]],"startor":"PI3K","relation_category":null,"receptor":"(+)"},"25":{"image_id":16,"file_name":"validation\\img\/PMC3932947__2040-2392-5-9-7.jpg","category_id":0,"bbox":[141.8721923828,251.1393890381,108.6607666016,141.9459381104],"normalized_bbox":[[141,251],[250,251],[250,393],[141,393]],"startor":"PDK1","relation_category":null,"receptor":" P"},"26":{"image_id":16,"file_name":"validation\\img\/PMC3932947__2040-2392-5-9-7.jpg","category_id":0,"bbox":[154.365737915,431.7411193848,111.6507415771,43.6402893066],"normalized_bbox":[[154,431],[266,431],[266,475],[154,475]],"startor":" P","relation_category":null,"receptor":"DIFFERENTIATION"},"27":{"image_id":16,"file_name":"validation\\img\/PMC3932947__2040-2392-5-9-7.jpg","category_id":0,"bbox":[339.2797241211,427.5106201172,105.8182678223,42.4968566895],"normalized_bbox":[[339,427],[445,427],[445,470],[339,470]],"startor":"(-)","relation_category":null,"receptor":"PROLIFERATION"},"28":{"image_id":16,"file_name":"validation\\img\/PMC3932947__2040-2392-5-9-7.jpg","category_id":0,"bbox":[287.6799621582,107.236000061,17.8297424316,37.7702102661],"normalized_bbox":[[287,107],[305,107],[305,145],[287,145]],"startor":" P","relation_category":null,"receptor":"PI3K"},"29":{"image_id":16,"file_name":"validation\\img\/PMC3932947__2040-2392-5-9-7.jpg","category_id":0,"bbox":[500.5854492188,279.3787536621,18.4418945312,57.0729370117],"normalized_bbox":[[500,279],[519,279],[519,336],[500,336]],"startor":"AKT","relation_category":null,"receptor":"(+)"}}