{"16":{"image_id":13,"file_name":"validation\\img\/PMC3655991__pone.0064344.g007.jpg","category_id":0,"bbox":[325.4561462402,46.4664154053,23.2668762207,44.7159347534],"normalized_bbox":[[325,46],[348,46],[348,91],[325,91]],"startor":"CADMIUM","relation_category":null,"receptor":"GENERATION"},"17":{"image_id":13,"file_name":"validation\\img\/PMC3655991__pone.0064344.g007.jpg","category_id":0,"bbox":[324.2380065918,130.9644012451,24.4746704102,49.8492736816],"normalized_bbox":[[324,130],[348,130],[348,180],[324,180]],"startor":"GENERATION","relation_category":null,"receptor":"MLST8"},"18":{"image_id":13,"file_name":"validation\\img\/PMC3655991__pone.0064344.g007.jpg","category_id":0,"bbox":[190.7922821045,738.3283691406,64.263458252,81.2664794922],"normalized_bbox":[[190,738],[255,738],[255,819],[190,819]],"startor":"APOPTOSIS","relation_category":null,"receptor":"JNK"},"19":{"image_id":13,"file_name":"validation\\img\/PMC3655991__pone.0064344.g007.jpg","category_id":0,"bbox":[315.9869689941,274.5989685059,42.4637145996,65.9922790527],"normalized_bbox":[[315,274],[358,274],[358,340],[315,340]],"startor":"RAPTOR","relation_category":null,"receptor":"IRE1"},"20":{"image_id":13,"file_name":"validation\\img\/PMC3655991__pone.0064344.g007.jpg","category_id":0,"bbox":[182.2838745117,560.1229248047,88.2406616211,121.7106933594],"normalized_bbox":[[182,560],[270,560],[270,681],[182,681]],"startor":"DOMAIN","relation_category":null,"receptor":"JNK"},"23":{"image_id":13,"file_name":"validation\\img\/PMC3655991__pone.0064344.g007.jpg","category_id":0,"bbox":[371.9106445312,608.4456787109,87.5173339844,69.583984375],"normalized_bbox":[[371,608],[459,608],[459,678],[371,678]],"startor":"RNASE7","relation_category":null,"receptor":"DOMAIN"}}