[{"image_size": [600, 498]}, {"normalized_coordinates": [[347, 11], [472, 11], [472, 28], [347, 28]], "gene_name": "ENDODERM", "coordinates": [347, 11, 125, 17]}, {"normalized_coordinates": [[32, 127], [98, 127], [98, 141], [32, 141]], "gene_name": "ALCAMA", "coordinates": [32, 127, 66, 14]}, {"normalized_coordinates": [[276, 165], [345, 165], [345, 183], [276, 183]], "gene_name": "EDNRB", "coordinates": [276, 165, 69, 18]}, {"normalized_coordinates": [[405, 209], [448, 209], [448, 223], [405, 223]], "gene_name": "EDN1", "coordinates": [405, 209, 43, 14]}, {"normalized_coordinates": [[406, 297], [470, 297], [470, 321], [406, 321]], "gene_name": "EDNRAEDNRB", "coordinates": [406, 297, 64, 24]}, {"normalized_coordinates": [[31, 330], [96, 330], [96, 349], [31, 349]], "gene_name": "NADL1.1", "coordinates": [31, 330, 65, 19]}, {"normalized_coordinates": [[232, 363], [286, 363], [286, 377], [232, 377]], "gene_name": "HAND2", "coordinates": [232, 363, 54, 14]}, {"normalized_coordinates": [[235, 382], [281, 382], [281, 396], [235, 396]], "gene_name": "DLX3B", "coordinates": [235, 382, 46, 14]}, {"normalized_coordinates": [[235, 400], [281, 400], [281, 415], [235, 415]], "gene_name": "DLX5A", "coordinates": [235, 400, 46, 15]}, {"normalized_coordinates": [[235, 419], [281, 419], [281, 433], [235, 433]], "gene_name": "DLX6A", "coordinates": [235, 419, 46, 14]}, {"normalized_coordinates": [[313, 451], [400, 451], [400, 465], [313, 465]], "gene_name": "NEURL", "coordinates": [313, 451, 87, 14]}, {"normalized_coordinates": [[407, 451], [480, 451], [480, 469], [407, 469]], "gene_name": "CREST", "coordinates": [407, 451, 73, 18]}, {"normalized_coordinates": [[175, 528], [203, 528], [203, 541], [175, 541]], "gene_name": "NC", "coordinates": [175, 528, 28, 13]}, {"normalized_coordinates": [[211, 528], [338, 528], [338, 541], [211, 541]], "gene_name": "DIFFERENTIATION", "coordinates": [211, 528, 127, 13]}, {"normalized_coordinates": [[153, 553], [229, 553], [229, 571], [153, 571]], "gene_name": "CARTILAGE", "coordinates": [153, 553, 76, 18]}, {"normalized_coordinates": [[237, 554], [359, 554], [359, 567], [237, 567]], "gene_name": "VENTRALIZATION", "coordinates": [237, 554, 122, 13]}, {"normalized_coordinates": [[168, 578], [200, 578], [200, 596], [168, 596]], "gene_name": "JAW", "coordinates": [168, 578, 32, 18]}, {"normalized_coordinates": [[207, 578], [248, 578], [248, 595], [207, 595]], "gene_name": "JOINT", "coordinates": [207, 578, 41, 17]}, {"normalized_coordinates": [[255, 578], [343, 578], [343, 592], [255, 592]], "gene_name": "FORMATION", "coordinates": [255, 578, 88, 14]}]