[{"image_size": [368, 624]}, {"normalized_coordinates": [[43, 5], [84, 5], [84, 24], [43, 24]], "gene_name": "CTF", "coordinates": [43, 5, 41, 19]}, {"normalized_coordinates": [[401, 59], [489, 59], [489, 78], [401, 78]], "gene_name": "HB-EGF", "coordinates": [401, 59, 88, 19]}, {"normalized_coordinates": [[39, 127], [102, 127], [102, 146], [39, 146]], "gene_name": "GPCR", "coordinates": [39, 127, 63, 19]}, {"normalized_coordinates": [[255, 124], [413, 124], [413, 150], [255, 150]], "gene_name": "ADAM-12ADAM-10", "coordinates": [255, 124, 158, 26]}, {"normalized_coordinates": [[531, 128], [590, 128], [590, 150], [531, 150]], "gene_name": "EGFR", "coordinates": [531, 128, 59, 22]}, {"normalized_coordinates": [[73, 247], [112, 247], [112, 273], [73, 273]], "gene_name": "GA", "coordinates": [73, 247, 39, 26]}, {"normalized_coordinates": [[121, 245], [178, 245], [178, 273], [121, 273]], "gene_name": "GBY", "coordinates": [121, 245, 57, 28]}, {"normalized_coordinates": [[262, 254], [311, 254], [311, 275], [262, 275]], "gene_name": "CA2", "coordinates": [262, 254, 49, 21]}, {"normalized_coordinates": [[263, 299], [307, 299], [307, 318], [263, 318]], "gene_name": "PKC", "coordinates": [263, 299, 44, 19]}, {"normalized_coordinates": [[201, 338], [305, 338], [305, 362], [201, 362]], "gene_name": "NAD(P)H", "coordinates": [201, 338, 104, 24]}, {"normalized_coordinates": [[315, 339], [408, 339], [408, 358], [315, 358]], "gene_name": "OXIDASE", "coordinates": [315, 339, 93, 19]}]