[{"image_size": [1305, 787]}, {"normalized_coordinates": [[297, 33], [377, 33], [377, 62], [297, 62]], "gene_name": "TLRS", "coordinates": [297, 33, 80, 29]}, {"normalized_coordinates": [[190, 149], [317, 149], [317, 183], [190, 183]], "gene_name": "MYD88", "coordinates": [190, 149, 127, 34]}, {"normalized_coordinates": [[470, 154], [520, 154], [520, 172], [470, 172]], "gene_name": "TRIE", "coordinates": [470, 154, 50, 18]}, {"normalized_coordinates": [[281, 240], [316, 240], [316, 285], [281, 285]], "gene_name": "M", "coordinates": [281, 240, 35, 45]}, {"normalized_coordinates": [[359, 230], [451, 230], [451, 270], [359, 270]], "gene_name": " NF-KB1", "coordinates": [359, 230, 92, 40]}, {"normalized_coordinates": [[448, 363], [581, 363], [581, 397], [448, 397]], "gene_name": "KUPFFER", "coordinates": [448, 363, 133, 34]}, {"normalized_coordinates": [[594, 362], [671, 362], [671, 391], [594, 391]], "gene_name": "CELLS", "coordinates": [594, 362, 77, 29]}, {"normalized_coordinates": [[320, 484], [403, 484], [403, 518], [320, 518]], "gene_name": " IL-1H2", "coordinates": [320, 484, 83, 34]}, {"normalized_coordinates": [[338, 652], [407, 652], [407, 685], [338, 685]], "gene_name": "LYM", "coordinates": [338, 652, 69, 33]}, {"normalized_coordinates": [[319, 814], [408, 814], [408, 851], [319, 851]], "gene_name": "IFN-Y", "coordinates": [319, 814, 89, 37]}, {"normalized_coordinates": [[55, 1023], [113, 1023], [113, 1055], [55, 1055]], "gene_name": "M\u00d8", "coordinates": [55, 1023, 58, 32]}, {"normalized_coordinates": [[178, 1259], [314, 1259], [314, 1293], [178, 1293]], "gene_name": "HEPATIC", "coordinates": [178, 1259, 136, 34]}, {"normalized_coordinates": [[327, 1259], [541, 1259], [541, 1291], [327, 1291]], "gene_name": "GRANULOMAS", "coordinates": [327, 1259, 214, 32]}]