[{"image_size": [1050, 932]}, {"normalized_coordinates": [[323, 19], [366, 19], [366, 48], [323, 48]], "gene_name": "PMA", "coordinates": [323, 19, 43, 29]}, {"normalized_coordinates": [[478, 21], [546, 21], [546, 48], [478, 48]], "gene_name": "ACTIVIN", "coordinates": [478, 21, 68, 27]}, {"normalized_coordinates": [[555, 21], [568, 21], [568, 48], [555, 48]], "gene_name": "A", "coordinates": [555, 21, 13, 27]}, {"normalized_coordinates": [[548, 160], [654, 160], [654, 202], [548, 202]], "gene_name": "RECEPTORS", "coordinates": [548, 160, 106, 42]}, {"normalized_coordinates": [[541, 212], [624, 212], [624, 245], [541, 245]], "gene_name": "SMAD2", "coordinates": [541, 212, 83, 33]}, {"normalized_coordinates": [[44, 333], [164, 333], [164, 372], [44, 372]], "gene_name": "CYTOPLASM", "coordinates": [44, 333, 120, 39]}, {"normalized_coordinates": [[500, 365], [581, 365], [581, 398], [500, 398]], "gene_name": "SMAD2", "coordinates": [500, 365, 81, 33]}, {"normalized_coordinates": [[502, 596], [535, 596], [535, 626], [502, 626]], "gene_name": "P.P", "coordinates": [502, 596, 33, 30]}, {"normalized_coordinates": [[499, 618], [580, 618], [580, 655], [499, 655]], "gene_name": "SMAD2", "coordinates": [499, 618, 81, 37]}, {"normalized_coordinates": [[661, 592], [761, 592], [761, 624], [661, 624]], "gene_name": "APCCCHT", "coordinates": [661, 592, 100, 32]}, {"normalized_coordinates": [[58, 680], [148, 680], [148, 718], [58, 718]], "gene_name": "NUCLEUS", "coordinates": [58, 680, 90, 38]}, {"normalized_coordinates": [[520, 752], [569, 752], [569, 777], [520, 777]], "gene_name": "SNON", "coordinates": [520, 752, 49, 25]}, {"normalized_coordinates": [[722, 751], [772, 751], [772, 777], [722, 777]], "gene_name": "SNON", "coordinates": [722, 751, 50, 26]}, {"normalized_coordinates": [[477, 869], [536, 869], [536, 911], [477, 911]], "gene_name": "RNAP", "coordinates": [477, 869, 59, 42]}, {"normalized_coordinates": [[540, 871], [563, 871], [563, 912], [540, 912]], "gene_name": " 2", "coordinates": [540, 871, 23, 41]}, {"normalized_coordinates": [[449, 900], [495, 900], [495, 937], [449, 937]], "gene_name": "T-S", "coordinates": [449, 900, 46, 37]}, {"normalized_coordinates": [[233, 887], [311, 887], [311, 913], [233, 913]], "gene_name": "ACTIVIN", "coordinates": [233, 887, 78, 26]}, {"normalized_coordinates": [[318, 886], [332, 886], [332, 913], [318, 913]], "gene_name": "A", "coordinates": [318, 886, 14, 27]}, {"normalized_coordinates": [[614, 884], [673, 884], [673, 912], [614, 912]], "gene_name": "CD61", "coordinates": [614, 884, 59, 28]}]