[{"image_size": [594, 787]}, {"normalized_coordinates": [[148, 2], [213, 2], [213, 19], [148, 19]], "gene_name": "BLOOD", "coordinates": [148, 2, 65, 17]}, {"normalized_coordinates": [[222, 2], [294, 2], [294, 19], [222, 19]], "gene_name": "VESSEL", "coordinates": [222, 2, 72, 17]}, {"normalized_coordinates": [[32, 44], [75, 44], [75, 62], [32, 62]], "gene_name": "FFA", "coordinates": [32, 44, 43, 18]}, {"normalized_coordinates": [[602, 40], [748, 40], [748, 62], [602, 62]], "gene_name": "CHONDROCYTE", "coordinates": [602, 40, 146, 22]}, {"normalized_coordinates": [[444, 62], [501, 62], [501, 78], [444, 78]], "gene_name": "TLR4", "coordinates": [444, 62, 57, 16]}, {"normalized_coordinates": [[2, 111], [78, 111], [78, 128], [2, 128]], "gene_name": "LACTATE", "coordinates": [2, 111, 76, 17]}, {"normalized_coordinates": [[440, 221], [513, 221], [513, 239], [440, 239]], "gene_name": "OLDHA", "coordinates": [440, 221, 73, 18]}, {"normalized_coordinates": [[430, 291], [535, 291], [535, 310], [430, 310]], "gene_name": "OLACTATE", "coordinates": [430, 291, 105, 19]}, {"normalized_coordinates": [[723, 330], [760, 330], [760, 346], [723, 346]], "gene_name": "IL-6", "coordinates": [723, 330, 37, 16]}, {"normalized_coordinates": [[493, 364], [547, 364], [547, 387], [493, 387]], "gene_name": " HIF1", "coordinates": [493, 364, 54, 23]}, {"normalized_coordinates": [[552, 372], [560, 372], [560, 381], [552, 381]], "gene_name": "A", "coordinates": [552, 372, 8, 9]}, {"normalized_coordinates": [[721, 357], [765, 357], [765, 376], [721, 376]], "gene_name": "TNF", "coordinates": [721, 357, 44, 19]}, {"normalized_coordinates": [[775, 364], [783, 364], [783, 373], [775, 373]], "gene_name": "A", "coordinates": [775, 364, 8, 9]}, {"normalized_coordinates": [[723, 388], [757, 388], [757, 405], [723, 405]], "gene_name": "IL-1", "coordinates": [723, 388, 34, 17]}, {"normalized_coordinates": [[770, 389], [778, 389], [778, 406], [770, 406]], "gene_name": " B", "coordinates": [770, 389, 8, 17]}, {"normalized_coordinates": [[513, 467], [577, 467], [577, 484], [513, 484]], "gene_name": "VEGF", "coordinates": [513, 467, 64, 17]}, {"normalized_coordinates": [[118, 492], [158, 492], [158, 514], [118, 514]], "gene_name": "ND", "coordinates": [118, 492, 40, 22]}, {"normalized_coordinates": [[283, 491], [342, 491], [342, 515], [283, 515]], "gene_name": "HFD", "coordinates": [283, 491, 59, 24]}, {"normalized_coordinates": [[105, 558], [173, 558], [173, 580], [105, 580]], "gene_name": "LEAN", "coordinates": [105, 558, 68, 22]}, {"normalized_coordinates": [[268, 557], [361, 557], [361, 579], [268, 579]], "gene_name": "OBESE", "coordinates": [268, 557, 93, 22]}, {"normalized_coordinates": [[582, 557], [783, 557], [783, 579], [582, 579]], "gene_name": "OSTEOARTHRITIS", "coordinates": [582, 557, 201, 22]}]