{"21":{"image_id":23,"file_name":"validation\\img\/PMC4536527__srep13092-f8.jpg","category_id":0,"bbox":[473.5375976562,245.2590789795,26.2397155762,45.3767852783],"normalized_bbox":[[473,245],[499,245],[499,290],[473,290]],"startor":"OLDHA","relation_category":null,"receptor":"OLACTATE"},"22":{"image_id":23,"file_name":"validation\\img\/PMC4536527__srep13092-f8.jpg","category_id":0,"bbox":[493.0538635254,314.0964050293,26.6389465332,47.0733032227],"normalized_bbox":[[493,314],[519,314],[519,361],[493,361]],"startor":"OLACTATE","relation_category":null,"receptor":" HIF1"},"23":{"image_id":23,"file_name":"validation\\img\/PMC4536527__srep13092-f8.jpg","category_id":0,"bbox":[298.6829223633,520.2518920898,20.7734985352,36.628112793],"normalized_bbox":[[298,520],[319,520],[319,556],[298,556]],"startor":"HFD","relation_category":null,"receptor":"OBESE"},"24":{"image_id":23,"file_name":"validation\\img\/PMC4536527__srep13092-f8.jpg","category_id":0,"bbox":[125.6214904785,519.9208984375,19.5225372314,35.9755249023],"normalized_bbox":[[125,519],[145,519],[145,555],[125,555]],"startor":"ND","relation_category":null,"receptor":"LEAN"},"25":{"image_id":23,"file_name":"validation\\img\/PMC4536527__srep13092-f8.jpg","category_id":0,"bbox":[188.9152526855,548.975769043,68.9351501465,44.01953125],"normalized_bbox":[[188,548],[257,548],[257,592],[188,592]],"startor":"LEAN","relation_category":null,"receptor":"OBESE"},"26":{"image_id":23,"file_name":"validation\\img\/PMC4536527__srep13092-f8.jpg","category_id":0,"bbox":[514.0930786133,391.7411804199,21.9384155273,65.4627075195],"normalized_bbox":[[514,391],[536,391],[536,457],[514,457]],"startor":" HIF1","relation_category":null,"receptor":"VEGF"},"27":{"image_id":23,"file_name":"validation\\img\/PMC4536527__srep13092-f8.jpg","category_id":0,"bbox":[462.8207092285,535.5736083984,74.4898986816,50.8317871094],"normalized_bbox":[[462,535],[537,535],[537,586],[462,586]],"startor":"OBESE","relation_category":null,"receptor":"VEGF"},"28":{"image_id":23,"file_name":"validation\\img\/PMC4536527__srep13092-f8.jpg","category_id":0,"bbox":[418.1799621582,117.6054229736,46.2448730469,102.7599334717],"normalized_bbox":[[418,117],[464,117],[464,220],[418,220]],"startor":"TLR4","relation_category":null,"receptor":"OLDHA"},"29":{"image_id":23,"file_name":"validation\\img\/PMC4536527__srep13092-f8.jpg","category_id":0,"bbox":[326.3217163086,95.0990524292,108.2575378418,38.1853561401],"normalized_bbox":[[326,95],[434,95],[434,133],[326,133]],"startor":"VESSEL","relation_category":null,"receptor":"TLR4"},"30":{"image_id":23,"file_name":"validation\\img\/PMC4536527__srep13092-f8.jpg","category_id":0,"bbox":[549.2667236328,474.6416320801,114.557434082,44.9714050293],"normalized_bbox":[[549,474],[663,474],[663,519],[549,519]],"startor":"VEGF","relation_category":null,"receptor":"OSTEOARTHRITIS"},"31":{"image_id":23,"file_name":"validation\\img\/PMC4536527__srep13092-f8.jpg","category_id":0,"bbox":[449.1340026855,98.0485534668,266.1218566895,254.6470947266],"normalized_bbox":[[449,98],[715,98],[715,352],[449,352]],"startor":"TLR4","relation_category":null,"receptor":"IL-6"},"32":{"image_id":23,"file_name":"validation\\img\/PMC4536527__srep13092-f8.jpg","category_id":0,"bbox":[333.0916748047,117.8525238037,110.2087402344,101.2355041504],"normalized_bbox":[[333,117],[443,117],[443,219],[333,219]],"startor":"VESSEL","relation_category":null,"receptor":"OLDHA"},"33":{"image_id":23,"file_name":"validation\\img\/PMC4536527__srep13092-f8.jpg","category_id":0,"bbox":[650.8984375,473.1744995117,30.3413085938,53.582824707],"normalized_bbox":[[650,473],[681,473],[681,526],[650,526]],"startor":"VEGF","relation_category":null,"receptor":"OSTEOARTHRITIS"},"34":{"image_id":23,"file_name":"validation\\img\/PMC4536527__srep13092-f8.jpg","category_id":0,"bbox":[646.6594848633,422.890411377,96.2760620117,87.9066772461],"normalized_bbox":[[646,422],[742,422],[742,510],[646,510]],"startor":"VEGF","relation_category":null,"receptor":"OSTEOARTHRITIS"}}