{"19":{"image_id":21,"file_name":"validation\\img\/PMC4074601__nihms577797f8.jpg","category_id":0,"bbox":[533.8824462891,264.5765380859,55.2083740234,83.9603881836],"normalized_bbox":[[533,264],[589,264],[589,348],[533,348]],"startor":"SMAD2","relation_category":null,"receptor":"SMAD2"},"20":{"image_id":21,"file_name":"validation\\img\/PMC4074601__nihms577797f8.jpg","category_id":2,"bbox":[556.3162231445,800.6148071289,50.360534668,80.8435668945],"normalized_bbox":[[556,800],[606,800],[606,881],[556,881]],"startor":"SNON","relation_category":null,"receptor":" 2"},"21":{"image_id":21,"file_name":"validation\\img\/PMC4074601__nihms577797f8.jpg","category_id":0,"bbox":[573.1131591797,659.8603515625,80.3325805664,101.8403930664],"normalized_bbox":[[573,659],[653,659],[653,761],[573,761]],"startor":"SMAD2","relation_category":null,"receptor":"SNON"},"22":{"image_id":21,"file_name":"validation\\img\/PMC4074601__nihms577797f8.jpg","category_id":0,"bbox":[173.7819519043,881.1530151367,69.9150085449,59.5283813477],"normalized_bbox":[[173,881],[243,881],[243,940],[173,940]],"startor":"A","relation_category":null,"receptor":"ACTIVIN"},"23":{"image_id":21,"file_name":"validation\\img\/PMC4074601__nihms577797f8.jpg","category_id":0,"bbox":[557.1561889648,879.1189575195,63.4107055664,62.5241699219],"normalized_bbox":[[557,879],[620,879],[620,941],[557,941]],"startor":" 2","relation_category":null,"receptor":"CD61"},"24":{"image_id":21,"file_name":"validation\\img\/PMC4074601__nihms577797f8.jpg","category_id":0,"bbox":[642.0738525391,658.6597900391,66.5682373047,101.8970947266],"normalized_bbox":[[642,658],[708,658],[708,760],[642,760]],"startor":"APCCCHT","relation_category":null,"receptor":"SNON"},"25":{"image_id":21,"file_name":"validation\\img\/PMC4074601__nihms577797f8.jpg","category_id":0,"bbox":[726.9085693359,817.8864746094,36.1080322266,122.2661743164],"normalized_bbox":[[726,817],[763,817],[763,940],[726,940]],"startor":"SNON","relation_category":null,"receptor":"CD61"},"26":{"image_id":21,"file_name":"validation\\img\/PMC4074601__nihms577797f8.jpg","category_id":0,"bbox":[547.7186889648,56.4439735413,44.2259521484,78.1474914551],"normalized_bbox":[[547,56],[591,56],[591,134],[547,134]],"startor":"ACTIVIN","relation_category":null,"receptor":"A"},"27":{"image_id":21,"file_name":"validation\\img\/PMC4074601__nihms577797f8.jpg","category_id":0,"bbox":[520.5466308594,425.7942504883,37.7019042969,158.3139038086],"normalized_bbox":[[520,425],[558,425],[558,584],[520,584]],"startor":"SMAD2","relation_category":null,"receptor":"P.P"},"28":{"image_id":21,"file_name":"validation\\img\/PMC4074601__nihms577797f8.jpg","category_id":0,"bbox":[582.6086425781,750.8579711914,120.7818603516,37.8225097656],"normalized_bbox":[[582,750],[703,750],[703,788],[582,788]],"startor":"SNON","relation_category":null,"receptor":"SNON"},"29":{"image_id":21,"file_name":"validation\\img\/PMC4074601__nihms577797f8.jpg","category_id":0,"bbox":[249.658416748,326.8036193848,164.7647094727,528.6037597656],"normalized_bbox":[[249,326],[414,326],[414,855],[249,855]],"startor":"SMAD2","relation_category":null,"receptor":"ACTIVIN"}}