{"20":{"image_id":35,"file_name":"validation\\img\/PMC5908975__fnmol-11-00130-g0007.jpg","category_id":0,"bbox":[300.1804199219,620.8149414062,51.8986816406,90.1135253906],"normalized_bbox":[[300,620],[352,620],[352,710],[300,710]],"startor":"P-GP","relation_category":null,"receptor":"CHEMORESISTANCE"},"21":{"image_id":35,"file_name":"validation\\img\/PMC5908975__fnmol-11-00130-g0007.jpg","category_id":0,"bbox":[295.3264465332,441.7499084473,59.2854309082,116.3923034668],"normalized_bbox":[[295,441],[354,441],[354,558],[295,558]],"startor":"AKT","relation_category":null,"receptor":"P-GP"},"22":{"image_id":35,"file_name":"validation\\img\/PMC5908975__fnmol-11-00130-g0007.jpg","category_id":0,"bbox":[195.5149383545,573.6361083984,26.9760284424,47.4680786133],"normalized_bbox":[[195,573],[222,573],[222,621],[195,621]],"startor":"P53","relation_category":null,"receptor":"APOPTOSIS"},"23":{"image_id":35,"file_name":"validation\\img\/PMC5908975__fnmol-11-00130-g0007.jpg","category_id":0,"bbox":[96.6035842896,411.3159790039,119.4998092651,61.2180175781],"normalized_bbox":[[96,411],[216,411],[216,472],[96,472]],"startor":"AKT","relation_category":null,"receptor":"ERK"},"24":{"image_id":35,"file_name":"validation\\img\/PMC5908975__fnmol-11-00130-g0007.jpg","category_id":0,"bbox":[268.2707214355,314.8527832031,41.7385559082,57.9607849121],"normalized_bbox":[[268,314],[310,314],[310,372],[268,372]],"startor":"PAXILLIN","relation_category":null,"receptor":"AKT"},"25":{"image_id":35,"file_name":"validation\\img\/PMC5908975__fnmol-11-00130-g0007.jpg","category_id":0,"bbox":[228.5100250244,441.7268981934,31.1724700928,69.6785583496],"normalized_bbox":[[228,441],[259,441],[259,511],[228,511]],"startor":"AKT","relation_category":null,"receptor":"P53"},"26":{"image_id":35,"file_name":"validation\\img\/PMC5908975__fnmol-11-00130-g0007.jpg","category_id":0,"bbox":[40.4389190674,623.0259399414,19.3173027039,44.4756469727],"normalized_bbox":[[40,623],[59,623],[59,667],[40,667]],"startor":"CYCLIN","relation_category":null,"receptor":"PROLIFERATION"},"27":{"image_id":35,"file_name":"validation\\img\/PMC5908975__fnmol-11-00130-g0007.jpg","category_id":0,"bbox":[375.9116516113,677.6742553711,122.2194213867,48.5985107422],"normalized_bbox":[[375,677],[498,677],[498,726],[375,726]],"startor":"CELL","relation_category":null,"receptor":"DIFFERENTIATION"},"28":{"image_id":35,"file_name":"validation\\img\/PMC5908975__fnmol-11-00130-g0007.jpg","category_id":0,"bbox":[48.9275779724,521.310546875,18.3483161926,36.248840332],"normalized_bbox":[[48,521],[67,521],[67,557],[48,557]],"startor":"ERK","relation_category":null,"receptor":"CYCLIN"},"29":{"image_id":35,"file_name":"validation\\img\/PMC5908975__fnmol-11-00130-g0007.jpg","category_id":0,"bbox":[214.3871459961,647.6945800781,48.4094543457,57.2994995117],"normalized_bbox":[[214,647],[262,647],[262,704],[214,704]],"startor":"CHEMORESISTANCE","relation_category":null,"receptor":"APOPTOSIS"},"30":{"image_id":35,"file_name":"validation\\img\/PMC5908975__fnmol-11-00130-g0007.jpg","category_id":0,"bbox":[100.6256866455,684.7360839844,115.0726623535,36.9162597656],"normalized_bbox":[[100,684],[215,684],[215,721],[100,721]],"startor":"PROLIFERATION","relation_category":null,"receptor":"APOPTOSIS"},"31":{"image_id":35,"file_name":"validation\\img\/PMC5908975__fnmol-11-00130-g0007.jpg","category_id":0,"bbox":[105.3758087158,546.7529907227,78.9641723633,38.6229858398],"normalized_bbox":[[105,546],[184,546],[184,585],[105,585]],"startor":"P53","relation_category":null,"receptor":" D1"},"33":{"image_id":35,"file_name":"validation\\img\/PMC5908975__fnmol-11-00130-g0007.jpg","category_id":2,"bbox":[104.1528549194,547.2137451172,79.5009231567,38.3479003906],"normalized_bbox":[[104,547],[183,547],[183,585],[104,585]],"startor":"P53","relation_category":null,"receptor":" D1"},"35":{"image_id":35,"file_name":"validation\\img\/PMC5908975__fnmol-11-00130-g0007.jpg","category_id":0,"bbox":[318.3038024902,407.3767700195,204.3484802246,73.2257080078],"normalized_bbox":[[318,407],[522,407],[522,480],[318,480]],"startor":"AKT","relation_category":null,"receptor":"MMP2"},"38":{"image_id":35,"file_name":"validation\\img\/PMC5908975__fnmol-11-00130-g0007.jpg","category_id":0,"bbox":[559.0778808594,519.6862792969,21.080871582,133.8531494141],"normalized_bbox":[[559,519],[580,519],[580,653],[559,653]],"startor":"MMP9","relation_category":null,"receptor":"ATTACHMENT"},"39":{"image_id":35,"file_name":"validation\\img\/PMC5908975__fnmol-11-00130-g0007.jpg","category_id":2,"bbox":[325.8822937012,411.843963623,157.0428771973,74.4844360352],"normalized_bbox":[[325,411],[482,411],[482,486],[325,486]],"startor":"AKT","relation_category":null,"receptor":"MMP2"}}