{"18":{"image_id":36,"file_name":"validation\\img\/PMC5949124__IBJ-22-217-g001.jpg","category_id":0,"bbox":[541.5198974609,50.5712547302,57.0065307617,64.56640625],"normalized_bbox":[[541,50],[598,50],[598,115],[541,115]],"startor":"SMO","relation_category":null,"receptor":"GLI"},"19":{"image_id":36,"file_name":"validation\\img\/PMC5949124__IBJ-22-217-g001.jpg","category_id":0,"bbox":[154.9352874756,54.419467926,55.5693817139,66.7808837891],"normalized_bbox":[[154,54],[210,54],[210,121],[154,121]],"startor":"GLI","relation_category":null,"receptor":"SMO"},"20":{"image_id":36,"file_name":"validation\\img\/PMC5949124__IBJ-22-217-g001.jpg","category_id":0,"bbox":[129.2645721436,227.8623504639,26.4909210205,75.4818267822],"normalized_bbox":[[129,227],[155,227],[155,303],[129,303]],"startor":"(GLI1(GLI13)(GLI12","relation_category":null,"receptor":"TARGET"},"21":{"image_id":36,"file_name":"validation\\img\/PMC5949124__IBJ-22-217-g001.jpg","category_id":0,"bbox":[539.4875488281,223.4183807373,15.6505737305,80.4150543213],"normalized_bbox":[[539,223],[555,223],[555,303],[539,303]],"startor":"(GLI1(GLI13)(GLI12","relation_category":null,"receptor":"TARGET"}}