[{"image_size": [1050, 755]}, {"normalized_coordinates": [[336, 0], [413, 0], [413, 45], [336, 45]], "gene_name": "SYX", "coordinates": [336, 0, 77, 45]}, {"normalized_coordinates": [[9, 188], [208, 188], [208, 239], [9, 239]], "gene_name": "F-ACTIN+", "coordinates": [9, 188, 199, 51]}, {"normalized_coordinates": [[313, 191], [346, 191], [346, 236], [313, 236]], "gene_name": "\u2013", "coordinates": [313, 191, 33, 45]}, {"normalized_coordinates": [[348, 190], [484, 190], [484, 235], [348, 235]], "gene_name": "RHOA", "coordinates": [348, 190, 136, 45]}, {"normalized_coordinates": [[12, 392], [147, 392], [147, 427], [12, 427]], "gene_name": "RAB3D", "coordinates": [12, 392, 135, 35]}, {"normalized_coordinates": [[312, 392], [435, 392], [435, 428], [312, 428]], "gene_name": "SIRT1", "coordinates": [312, 392, 123, 36]}, {"normalized_coordinates": [[314, 562], [456, 562], [456, 618], [314, 618]], "gene_name": "RARYH", "coordinates": [314, 562, 142, 56]}, {"normalized_coordinates": [[580, 564], [754, 564], [754, 597], [580, 597]], "gene_name": "RHPN2", "coordinates": [580, 564, 174, 33]}, {"normalized_coordinates": [[290, 750], [511, 750], [511, 794], [290, 794]], "gene_name": "NOGGIN-", "coordinates": [290, 750, 221, 44]}, {"normalized_coordinates": [[579, 753], [736, 753], [736, 794], [579, 794]], "gene_name": "HBMP4", "coordinates": [579, 753, 157, 41]}, {"normalized_coordinates": [[136, 768], [210, 768], [210, 778], [136, 778]], "gene_name": "---", "coordinates": [136, 768, 74, 10]}, {"normalized_coordinates": [[585, 882], [753, 882], [753, 931], [585, 931]], "gene_name": " SMAD1", "coordinates": [585, 882, 168, 49]}, {"normalized_coordinates": [[308, 954], [443, 954], [443, 993], [308, 993]], "gene_name": "NEURL", "coordinates": [308, 954, 135, 39]}, {"normalized_coordinates": [[239, 1007], [520, 1007], [520, 1042], [239, 1042]], "gene_name": "DIFFERENTIATION", "coordinates": [239, 1007, 281, 35]}, {"normalized_coordinates": [[539, 1006], [654, 1006], [654, 1048], [539, 1048]], "gene_name": "F---", "coordinates": [539, 1006, 115, 42]}]