[{"image_size": [688, 668]}, {"normalized_coordinates": [[327, 14], [364, 14], [364, 29], [327, 29]], "gene_name": "TPA", "coordinates": [327, 14, 37, 15]}, {"normalized_coordinates": [[79, 32], [174, 32], [174, 48], [79, 48]], "gene_name": "MEMBRANE", "coordinates": [79, 32, 95, 16]}, {"normalized_coordinates": [[314, 192], [387, 192], [387, 207], [314, 207]], "gene_name": "MEK2MEK1", "coordinates": [314, 192, 73, 15]}, {"normalized_coordinates": [[75, 216], [142, 216], [142, 240], [75, 240]], "gene_name": "CYTOSOL", "coordinates": [75, 216, 67, 24]}, {"normalized_coordinates": [[316, 313], [383, 313], [383, 327], [316, 327]], "gene_name": "ERK2ERK1", "coordinates": [316, 313, 67, 14]}, {"normalized_coordinates": [[341, 443], [362, 443], [362, 457], [341, 457]], "gene_name": "XS", "coordinates": [341, 443, 21, 14]}, {"normalized_coordinates": [[418, 439], [436, 439], [436, 454], [418, 454]], "gene_name": "D-", "coordinates": [418, 439, 18, 15]}, {"normalized_coordinates": [[339, 576], [360, 576], [360, 591], [339, 591]], "gene_name": "XS", "coordinates": [339, 576, 21, 15]}, {"normalized_coordinates": [[76, 596], [147, 596], [147, 611], [76, 611]], "gene_name": "NUCLEUS", "coordinates": [76, 596, 71, 15]}, {"normalized_coordinates": [[562, 620], [612, 620], [612, 634], [562, 634]], "gene_name": "LCN2", "coordinates": [562, 620, 50, 14]}, {"normalized_coordinates": [[320, 660], [358, 660], [358, 673], [320, 673]], "gene_name": "TRE", "coordinates": [320, 660, 38, 13]}]