[{"image_size": [919, 800]}, {"normalized_coordinates": [[329, 21], [381, 21], [381, 37], [329, 37]], "gene_name": "ETOH", "coordinates": [329, 21, 52, 16]}, {"normalized_coordinates": [[327, 182], [393, 182], [393, 198], [327, 198]], "gene_name": "FOX01", "coordinates": [327, 182, 66, 16]}, {"normalized_coordinates": [[322, 356], [388, 356], [388, 373], [322, 373]], "gene_name": "AMPK", "coordinates": [322, 356, 66, 17]}, {"normalized_coordinates": [[629, 426], [720, 426], [720, 443], [629, 443]], "gene_name": "MTORC1", "coordinates": [629, 426, 91, 17]}, {"normalized_coordinates": [[450, 460], [483, 460], [483, 471], [450, 471]], "gene_name": "S555", "coordinates": [450, 460, 33, 11]}, {"normalized_coordinates": [[208, 502], [242, 502], [242, 515], [208, 515]], "gene_name": "S164", "coordinates": [208, 502, 34, 13]}, {"normalized_coordinates": [[475, 499], [515, 499], [515, 516], [475, 516]], "gene_name": "ULK", "coordinates": [475, 499, 40, 17]}, {"normalized_coordinates": [[525, 500], [534, 500], [534, 515], [525, 515]], "gene_name": "1", "coordinates": [525, 500, 9, 15]}, {"normalized_coordinates": [[21, 517], [106, 517], [106, 534], [21, 534]], "gene_name": " 14-3-3", "coordinates": [21, 517, 85, 17]}, {"normalized_coordinates": [[531, 542], [564, 542], [564, 552], [531, 552]], "gene_name": "S757", "coordinates": [531, 542, 33, 10]}, {"normalized_coordinates": [[148, 545], [222, 545], [222, 562], [148, 562]], "gene_name": "PIK3C3", "coordinates": [148, 545, 74, 17]}, {"normalized_coordinates": [[50, 565], [118, 565], [118, 581], [50, 581]], "gene_name": "ATG14", "coordinates": [50, 565, 68, 16]}, {"normalized_coordinates": [[294, 565], [319, 565], [319, 576], [294, 576]], "gene_name": "S93", "coordinates": [294, 565, 25, 11]}, {"normalized_coordinates": [[214, 596], [284, 596], [284, 613], [214, 613]], "gene_name": "BECN1", "coordinates": [214, 596, 70, 17]}, {"normalized_coordinates": [[87, 608], [185, 608], [185, 625], [87, 625]], "gene_name": "AMBRA1", "coordinates": [87, 608, 98, 17]}, {"normalized_coordinates": [[290, 626], [322, 626], [322, 640], [290, 640]], "gene_name": "S14", "coordinates": [290, 626, 32, 14]}, {"normalized_coordinates": [[103, 878], [194, 878], [194, 897], [103, 897]], "gene_name": "SQSTM1", "coordinates": [103, 878, 91, 19]}, {"normalized_coordinates": [[291, 878], [342, 878], [342, 894], [291, 894]], "gene_name": "LC3B", "coordinates": [291, 878, 51, 16]}, {"normalized_coordinates": [[438, 876], [493, 876], [493, 892], [438, 892]], "gene_name": "ATG7", "coordinates": [438, 876, 55, 16]}]