[{"image_size": [624, 744]}, {"normalized_coordinates": [[231, 16], [255, 16], [255, 26], [231, 26]], "gene_name": "FSH", "coordinates": [231, 16, 24, 10]}, {"normalized_coordinates": [[226, 36], [260, 36], [260, 46], [226, 46]], "gene_name": "FSHR", "coordinates": [226, 36, 34, 10]}, {"normalized_coordinates": [[232, 166], [259, 166], [259, 176], [232, 176]], "gene_name": "PKA", "coordinates": [232, 166, 27, 10]}, {"normalized_coordinates": [[222, 261], [268, 261], [268, 274], [222, 274]], "gene_name": "GSK3B", "coordinates": [222, 261, 46, 13]}, {"normalized_coordinates": [[221, 310], [228, 310], [228, 319], [221, 319]], "gene_name": " P", "coordinates": [221, 310, 7, 9]}, {"normalized_coordinates": [[218, 373], [285, 373], [285, 385], [218, 385]], "gene_name": "NF-KB(P65)", "coordinates": [218, 373, 67, 12]}, {"normalized_coordinates": [[471, 376], [513, 376], [513, 385], [471, 385]], "gene_name": "CASP3", "coordinates": [471, 376, 42, 9]}, {"normalized_coordinates": [[239, 490], [275, 490], [275, 504], [239, 504]], "gene_name": " NF-KB1", "coordinates": [239, 490, 36, 14]}, {"normalized_coordinates": [[562, 529], [608, 529], [608, 541], [562, 541]], "gene_name": "CERVICAL", "coordinates": [562, 529, 46, 12]}, {"normalized_coordinates": [[614, 532], [653, 532], [653, 539], [614, 539]], "gene_name": "CANCER", "coordinates": [614, 532, 39, 7]}, {"normalized_coordinates": [[658, 530], [676, 530], [676, 539], [658, 539]], "gene_name": "CELL", "coordinates": [658, 530, 18, 9]}, {"normalized_coordinates": [[572, 546], [640, 546], [640, 558], [572, 558]], "gene_name": "PROLIFERATION", "coordinates": [572, 546, 68, 12]}, {"normalized_coordinates": [[646, 546], [666, 546], [666, 555], [646, 555]], "gene_name": "AND", "coordinates": [646, 546, 20, 9]}, {"normalized_coordinates": [[591, 563], [647, 563], [647, 574], [591, 574]], "gene_name": "APOPTOSIS", "coordinates": [591, 563, 56, 11]}, {"normalized_coordinates": [[281, 566], [317, 566], [317, 578], [281, 578]], "gene_name": "TARGET", "coordinates": [281, 566, 36, 12]}, {"normalized_coordinates": [[322, 569], [350, 569], [350, 578], [322, 578]], "gene_name": "GENE", "coordinates": [322, 569, 28, 9]}, {"normalized_coordinates": [[356, 566], [418, 566], [418, 578], [356, 578]], "gene_name": "EXPRESSION", "coordinates": [356, 566, 62, 12]}]