{"8":{"image_id":42,"file_name":"validation\\img\/PMC6643126__ijmsv16p0960g005.jpg","category_id":0,"bbox":[494.5568847656,102.552192688,26.7011108398,74.4387741089],"normalized_bbox":[[494,102],[521,102],[521,176],[494,176]],"startor":"HIF1A","relation_category":null,"receptor":"P70S6K"},"9":{"image_id":42,"file_name":"validation\\img\/PMC6643126__ijmsv16p0960g005.jpg","category_id":0,"bbox":[494.3240966797,255.0082244873,26.9885253906,73.8034515381],"normalized_bbox":[[494,255],[521,255],[521,328],[494,328]],"startor":"P70S6K","relation_category":null,"receptor":"PKM2"},"10":{"image_id":42,"file_name":"validation\\img\/PMC6643126__ijmsv16p0960g005.jpg","category_id":0,"bbox":[495.1279907227,413.8106689453,25.7891235352,75.579498291],"normalized_bbox":[[495,413],[520,413],[520,489],[495,489]],"startor":"PKM2","relation_category":null,"receptor":"EMT"},"11":{"image_id":42,"file_name":"validation\\img\/PMC6643126__ijmsv16p0960g005.jpg","category_id":2,"bbox":[252.2799987793,42.8454017639,171.8898620605,79.0584564209],"normalized_bbox":[[252,42],[424,42],[424,121],[252,121]],"startor":"METFORMIN","relation_category":null,"receptor":"HIF1A"}}