{"17":{"image_id":38,"file_name":"validation\\img\/PMC6241696__ott-11-8107Fig4.jpg","category_id":0,"bbox":[231.2532348633,97.7392501831,26.3871154785,55.1275405884],"normalized_bbox":[[231,97],[257,97],[257,152],[231,152]],"startor":"FSHR","relation_category":null,"receptor":"PKA"},"18":{"image_id":38,"file_name":"validation\\img\/PMC6241696__ott-11-8107Fig4.jpg","category_id":0,"bbox":[492.1963806152,392.023651123,102.252166748,118.8346862793],"normalized_bbox":[[492,392],[594,392],[594,510],[492,510]],"startor":"CASP3","relation_category":null,"receptor":"CERVICAL"},"19":{"image_id":38,"file_name":"validation\\img\/PMC6241696__ott-11-8107Fig4.jpg","category_id":2,"bbox":[221.2256622314,276.9188842773,53.1322174072,75.8757629395],"normalized_bbox":[[221,276],[274,276],[274,352],[221,352]],"startor":"GSK3B","relation_category":null,"receptor":"NF-KB(P65)"},"20":{"image_id":38,"file_name":"validation\\img\/PMC6241696__ott-11-8107Fig4.jpg","category_id":2,"bbox":[222.5608825684,187.01953125,52.3185424805,61.7537536621],"normalized_bbox":[[222,187],[274,187],[274,248],[222,248]],"startor":"PKA","relation_category":null,"receptor":"GSK3B"},"21":{"image_id":38,"file_name":"validation\\img\/PMC6241696__ott-11-8107Fig4.jpg","category_id":0,"bbox":[239.3150024414,397.8609008789,24.4609680176,79.154083252],"normalized_bbox":[[239,397],[263,397],[263,477],[239,477]],"startor":"NF-KB(P65)","relation_category":null,"receptor":" NF-KB1"}}