{"17":{"image_id":43,"file_name":"validation\\img\/PMC6675870__fphar-10-00784-g006.jpg","category_id":2,"bbox":[169.5422973633,235.7161560059,39.399230957,83.7783813477],"normalized_bbox":[[169,235],[208,235],[208,319],[169,319]],"startor":"CHPL","relation_category":null,"receptor":"MEK2MEK1"},"18":{"image_id":43,"file_name":"validation\\img\/PMC6675870__fphar-10-00784-g006.jpg","category_id":2,"bbox":[171.9269866943,395.7303466797,41.3671569824,80.7385559082],"normalized_bbox":[[171,395],[213,395],[213,476],[171,476]],"startor":"MEK2MEK1","relation_category":null,"receptor":"ERK2ERK1"},"19":{"image_id":43,"file_name":"validation\\img\/PMC6675870__fphar-10-00784-g006.jpg","category_id":0,"bbox":[120.748550415,869.2397460938,29.1388244629,82.307800293],"normalized_bbox":[[120,869],[149,869],[149,951],[120,951]],"startor":"CASPASE","relation_category":null,"receptor":"DEATH"},"20":{"image_id":43,"file_name":"validation\\img\/PMC6675870__fphar-10-00784-g006.jpg","category_id":0,"bbox":[281.5595703125,488.0581054688,105.7389221191,29.2825927734],"normalized_bbox":[[281,488],[387,488],[387,517],[281,517]],"startor":"ERK2ERK1","relation_category":null,"receptor":"BCL-2"},"21":{"image_id":43,"file_name":"validation\\img\/PMC6675870__fphar-10-00784-g006.jpg","category_id":0,"bbox":[577.5559692383,390.2188110352,26.0280761719,122.1257324219],"normalized_bbox":[[577,390],[603,390],[603,512],[577,512]],"startor":"BAK","relation_category":null,"receptor":"BAX"}}