{"16":{"image_id":1,"file_name":"validation\\img\/PMC2172299__200312013f8.jpg","category_id":0,"bbox":[56.0889434814,230.2513427734,49.4455108643,56.9319458008],"normalized_bbox":[[56,230],[105,230],[105,287],[56,287]],"startor":"P130CAS","relation_category":null,"receptor":"CRK"},"17":{"image_id":1,"file_name":"validation\\img\/PMC2172299__200312013f8.jpg","category_id":0,"bbox":[200.3213195801,233.0341796875,52.0430145264,53.4815063477],"normalized_bbox":[[200,233],[252,233],[252,286],[200,286]],"startor":"FAK","relation_category":null,"receptor":"PY861"},"18":{"image_id":1,"file_name":"validation\\img\/PMC2172299__200312013f8.jpg","category_id":0,"bbox":[371.4494628906,301.725982666,63.8994140625,38.4300842285],"normalized_bbox":[[371,301],[435,301],[435,340],[371,340]],"startor":"MEMBRANE","relation_category":null,"receptor":"CDH2"},"19":{"image_id":1,"file_name":"validation\\img\/PMC2172299__200312013f8.jpg","category_id":0,"bbox":[142.8100128174,375.8936462402,30.6426239014,37.4224243164],"normalized_bbox":[[142,375],[173,375],[173,413],[142,413]],"startor":"MOTILITY","relation_category":null,"receptor":"INTEGRIN-MEDIATED"},"20":{"image_id":1,"file_name":"validation\\img\/PMC2172299__200312013f8.jpg","category_id":0,"bbox":[403.5432434082,302.5789489746,30.4275512695,35.3092041016],"normalized_bbox":[[403,302],[433,302],[433,337],[403,337]],"startor":"ADHESION","relation_category":null,"receptor":"CDH2"}}