[{"image_size": [502, 720]}, {"normalized_coordinates": [[51, 0], [142, 0], [142, 29], [51, 29]], "gene_name": "INTEGRIN", "coordinates": [51, 0, 91, 29]}, {"normalized_coordinates": [[43, 133], [143, 133], [143, 156], [43, 156]], "gene_name": "P130CAS", "coordinates": [43, 133, 100, 23]}, {"normalized_coordinates": [[204, 131], [286, 131], [286, 150], [204, 150]], "gene_name": "PAXILLIN", "coordinates": [204, 131, 82, 19]}, {"normalized_coordinates": [[201, 171], [244, 171], [244, 194], [201, 194]], "gene_name": "FAK", "coordinates": [201, 171, 43, 23]}, {"normalized_coordinates": [[218, 205], [302, 205], [302, 225], [218, 225]], "gene_name": "PY861", "coordinates": [218, 205, 84, 20]}, {"normalized_coordinates": [[26, 199], [74, 199], [74, 219], [26, 219]], "gene_name": "CRK", "coordinates": [26, 199, 48, 20]}, {"normalized_coordinates": [[570, 223], [705, 223], [705, 242], [570, 242]], "gene_name": "CDH2", "coordinates": [570, 223, 135, 19]}, {"normalized_coordinates": [[119, 304], [193, 304], [193, 328], [119, 328]], "gene_name": "RAC1", "coordinates": [119, 304, 74, 24]}, {"normalized_coordinates": [[54, 430], [267, 430], [267, 451], [54, 451]], "gene_name": "INTEGRIN-MEDIATED", "coordinates": [54, 430, 213, 21]}, {"normalized_coordinates": [[89, 458], [134, 458], [134, 480], [89, 480]], "gene_name": "CELL", "coordinates": [89, 458, 45, 22]}, {"normalized_coordinates": [[145, 458], [232, 458], [232, 484], [145, 484]], "gene_name": "MOTILITY", "coordinates": [145, 458, 87, 26]}, {"normalized_coordinates": [[464, 187], [445, 187], [445, 323], [464, 323]], "gene_name": "CDH2", "coordinates": [464, 187, -19, 136]}, {"normalized_coordinates": [[464, 332], [445, 332], [445, 447], [464, 447]], "gene_name": "ADHESION", "coordinates": [464, 332, -19, 115]}, {"normalized_coordinates": [[355, 152], [331, 152], [331, 232], [355, 232]], "gene_name": "PLASMA", "coordinates": [355, 152, -24, 80]}, {"normalized_coordinates": [[351, 241], [334, 241], [334, 349], [351, 349]], "gene_name": "MEMBRANE", "coordinates": [351, 241, -17, 108]}, {"normalized_coordinates": [[354, 359], [329, 359], [329, 461], [354, 461]], "gene_name": "DYNAMICS", "coordinates": [354, 359, -25, 102]}]