[{"image_size": [507, 800]}, {"normalized_coordinates": [[503, 3], [524, 3], [524, 12], [503, 12]], "gene_name": "OH", "coordinates": [503, 3, 21, 9]}, {"normalized_coordinates": [[341, 35], [357, 35], [357, 43], [341, 43]], "gene_name": "HO", "coordinates": [341, 35, 16, 8]}, {"normalized_coordinates": [[381, 94], [412, 94], [412, 106], [381, 106]], "gene_name": "OH", "coordinates": [381, 94, 31, 12]}, {"normalized_coordinates": [[416, 95], [430, 95], [430, 105], [416, 105]], "gene_name": "O", "coordinates": [416, 95, 14, 10]}, {"normalized_coordinates": [[252, 172], [299, 172], [299, 188], [252, 188]], "gene_name": "PKC8", "coordinates": [252, 172, 47, 16]}, {"normalized_coordinates": [[554, 172], [580, 172], [580, 181], [554, 181]], "gene_name": "ATM", "coordinates": [554, 172, 26, 9]}, {"normalized_coordinates": [[554, 239], [565, 239], [565, 266], [554, 266]], "gene_name": "\u2191", "coordinates": [554, 239, 11, 27]}, {"normalized_coordinates": [[617, 264], [645, 264], [645, 277], [617, 277]], "gene_name": "P53", "coordinates": [617, 264, 28, 13]}, {"normalized_coordinates": [[580, 239], [615, 239], [615, 256], [580, 256]], "gene_name": "SER15", "coordinates": [580, 239, 35, 17]}, {"normalized_coordinates": [[116, 271], [143, 271], [143, 283], [116, 283]], "gene_name": "P21", "coordinates": [116, 271, 27, 12]}, {"normalized_coordinates": [[375, 269], [416, 269], [416, 279], [375, 279]], "gene_name": "NAG-1", "coordinates": [375, 269, 41, 10]}, {"normalized_coordinates": [[192, 463], [307, 463], [307, 480], [192, 480]], "gene_name": "PROLIFERATION", "coordinates": [192, 463, 115, 17]}, {"normalized_coordinates": [[450, 468], [535, 468], [535, 485], [450, 485]], "gene_name": "APOPTOSIS", "coordinates": [450, 468, 85, 17]}]