{"13":{"image_id":2,"file_name":"validation\\img\/PMC2659383__bpa0019-0132-f3.jpg","category_id":2,"bbox":[152.5704345703,35.3157806396,27.4482727051,38.3991241455],"normalized_bbox":[[152,35],[180,35],[180,73],[152,73]],"startor":"SMO","relation_category":null,"receptor":"SHH"},"14":{"image_id":2,"file_name":"validation\\img\/PMC2659383__bpa0019-0132-f3.jpg","category_id":2,"bbox":[228.9981231689,21.7229919434,51.5582427979,71.3227233887],"normalized_bbox":[[228,21],[280,21],[280,93],[228,93]],"startor":"HHANTAG","relation_category":null,"receptor":"SMO"},"15":{"image_id":2,"file_name":"validation\\img\/PMC2659383__bpa0019-0132-f3.jpg","category_id":0,"bbox":[92.8012237549,247.3696289062,49.7730560303,45.1987915039],"normalized_bbox":[[92,247],[142,247],[142,292],[92,292]],"startor":"GLI","relation_category":null,"receptor":"GLI"},"16":{"image_id":2,"file_name":"validation\\img\/PMC2659383__bpa0019-0132-f3.jpg","category_id":0,"bbox":[219.8545379639,150.5636138916,60.8167877197,141.9528656006],"normalized_bbox":[[219,150],[280,150],[280,292],[219,292]],"startor":"SMO","relation_category":null,"receptor":"MYC"},"17":{"image_id":2,"file_name":"validation\\img\/PMC2659383__bpa0019-0132-f3.jpg","category_id":0,"bbox":[197.879119873,150.9675140381,32.7645263672,41.524810791],"normalized_bbox":[[197,150],[230,150],[230,192],[197,192]],"startor":"SMO","relation_category":null,"receptor":"H"},"18":{"image_id":2,"file_name":"validation\\img\/PMC2659383__bpa0019-0132-f3.jpg","category_id":2,"bbox":[200.5491485596,67.5715103149,27.3083190918,28.7108306885],"normalized_bbox":[[200,67],[227,67],[227,96],[200,96]],"startor":"SHH","relation_category":null,"receptor":"SMO"},"19":{"image_id":2,"file_name":"validation\\img\/PMC2659383__bpa0019-0132-f3.jpg","category_id":0,"bbox":[161.3271331787,328.6253662109,21.1825256348,85.8861083984],"normalized_bbox":[[161,328],[182,328],[182,414],[161,414]],"startor":"GLI","relation_category":null,"receptor":"TARGET"},"20":{"image_id":2,"file_name":"validation\\img\/PMC2659383__bpa0019-0132-f3.jpg","category_id":0,"bbox":[276.6962585449,322.1753540039,21.6317138672,92.5016479492],"normalized_bbox":[[276,322],[298,322],[298,414],[276,414]],"startor":"MYC","relation_category":null,"receptor":"GENES"},"21":{"image_id":2,"file_name":"validation\\img\/PMC2659383__bpa0019-0132-f3.jpg","category_id":2,"bbox":[188.3828735352,64.8734207153,28.6011657715,27.7875061035],"normalized_bbox":[[188,64],[216,64],[216,92],[188,92]],"startor":"H","relation_category":null,"receptor":"SMO"}}