[{"image_size": [458, 400]}, {"normalized_coordinates": [[135, 8], [195, 8], [195, 30], [135, 30]], "gene_name": "SHH", "coordinates": [135, 8, 60, 22]}, {"normalized_coordinates": [[274, 4], [395, 4], [395, 28], [274, 28]], "gene_name": "CYCLOPAMINE", "coordinates": [274, 4, 121, 24]}, {"normalized_coordinates": [[270, 26], [363, 26], [363, 49], [270, 49]], "gene_name": "HHANTAG", "coordinates": [270, 26, 93, 23]}, {"normalized_coordinates": [[204, 114], [253, 114], [253, 129], [204, 129]], "gene_name": "SMO", "coordinates": [204, 114, 49, 15]}, {"normalized_coordinates": [[158, 138], [174, 138], [174, 155], [158, 155]], "gene_name": "H", "coordinates": [158, 138, 16, 17]}, {"normalized_coordinates": [[58, 219], [97, 219], [97, 235], [58, 235]], "gene_name": "GLI", "coordinates": [58, 219, 39, 16]}, {"normalized_coordinates": [[133, 209], [188, 209], [188, 224], [133, 224]], "gene_name": "SUFU", "coordinates": [133, 209, 55, 15]}, {"normalized_coordinates": [[151, 301], [188, 301], [188, 315], [151, 315]], "gene_name": "GLI", "coordinates": [151, 301, 37, 14]}, {"normalized_coordinates": [[267, 302], [305, 302], [305, 318], [267, 318]], "gene_name": "MYC", "coordinates": [267, 302, 38, 16]}, {"normalized_coordinates": [[8, 388], [82, 388], [82, 373], [8, 373]], "gene_name": "CYTOSOL", "coordinates": [8, 388, 74, -15]}, {"normalized_coordinates": [[32, 426], [107, 426], [107, 401], [32, 401]], "gene_name": "NUCLEUS", "coordinates": [32, 426, 75, -25]}, {"normalized_coordinates": [[164, 429], [227, 429], [227, 450], [164, 450]], "gene_name": "TARGET", "coordinates": [164, 429, 63, 21]}, {"normalized_coordinates": [[233, 433], [285, 433], [285, 450], [233, 450]], "gene_name": "GENES", "coordinates": [233, 433, 52, 17]}]