[{"image_size": [413, 602]}, {"normalized_coordinates": [[103, 7], [129, 7], [129, 16], [103, 16]], "gene_name": "IL-6", "coordinates": [103, 7, 26, 9]}, {"normalized_coordinates": [[55, 87], [93, 87], [93, 95], [55, 95]], "gene_name": "GP130", "coordinates": [55, 87, 38, 8]}, {"normalized_coordinates": [[145, 84], [188, 84], [188, 94], [145, 94]], "gene_name": "CD126", "coordinates": [145, 84, 43, 10]}, {"normalized_coordinates": [[104, 126], [158, 126], [158, 141], [104, 141]], "gene_name": "TGF-FR2", "coordinates": [104, 126, 54, 15]}, {"normalized_coordinates": [[246, 130], [275, 130], [275, 140], [246, 140]], "gene_name": "SMAD", "coordinates": [246, 130, 29, 10]}, {"normalized_coordinates": [[279, 130], [283, 130], [283, 140], [279, 140]], "gene_name": "7", "coordinates": [279, 130, 4, 10]}, {"normalized_coordinates": [[251, 142], [276, 142], [276, 152], [251, 152]], "gene_name": "STAT", "coordinates": [251, 142, 25, 10]}, {"normalized_coordinates": [[278, 143], [278, 143], [278, 143], [278, 143]], "gene_name": "3", "coordinates": [278, 143, 0, 0]}, {"normalized_coordinates": [[242, 151], [290, 151], [290, 167], [242, 167]], "gene_name": "INK.P38", "coordinates": [242, 151, 48, 16]}, {"normalized_coordinates": [[381, 140], [421, 140], [421, 158], [381, 158]], "gene_name": "RORYT", "coordinates": [381, 140, 40, 18]}, {"normalized_coordinates": [[524, 141], [550, 141], [550, 157], [524, 157]], "gene_name": "TH17", "coordinates": [524, 141, 26, 16]}, {"normalized_coordinates": [[7, 205], [49, 205], [49, 218], [7, 218]], "gene_name": "TGF-B", "coordinates": [7, 205, 42, 13]}, {"normalized_coordinates": [[107, 289], [158, 289], [158, 307], [107, 307]], "gene_name": "TGF-FRITGF-FRIAI", "coordinates": [107, 289, 51, 18]}, {"normalized_coordinates": [[246, 284], [276, 284], [276, 296], [246, 296]], "gene_name": "SMAD", "coordinates": [246, 284, 30, 12]}, {"normalized_coordinates": [[279, 283], [291, 283], [291, 296], [279, 296]], "gene_name": "232", "coordinates": [279, 283, 12, 13]}, {"normalized_coordinates": [[244, 296], [290, 296], [290, 310], [244, 310]], "gene_name": "ERKJNK", "coordinates": [244, 296, 46, 14]}, {"normalized_coordinates": [[525, 292], [552, 292], [552, 308], [525, 308]], "gene_name": "ITREG", "coordinates": [525, 292, 27, 16]}, {"normalized_coordinates": [[393, 297], [421, 297], [421, 313], [393, 313]], "gene_name": "FOXP3", "coordinates": [393, 297, 28, 16]}, {"normalized_coordinates": [[109, 396], [134, 396], [134, 406], [109, 406]], "gene_name": "IL-2", "coordinates": [109, 396, 25, 10]}]