{"19":{"image_id":4,"file_name":"validation\\img\/PMC3036164__nihms259428f8.jpg","category_id":0,"bbox":[246.4259643555,441.015625,20.9621887207,78.5250854492],"normalized_bbox":[[246,441],[267,441],[267,519],[246,519]],"startor":"DLX6A","relation_category":null,"receptor":"DIFFERENTIATION"},"20":{"image_id":4,"file_name":"validation\\img\/PMC3036164__nihms259428f8.jpg","category_id":0,"bbox":[254.2778930664,313.0712585449,130.4157104492,43.3974914551],"normalized_bbox":[[254,313],[384,313],[384,356],[254,356]],"startor":"EDNRAEDNRB","relation_category":null,"receptor":"HAND2"},"21":{"image_id":4,"file_name":"validation\\img\/PMC3036164__nihms259428f8.jpg","category_id":0,"bbox":[375.0912780762,224.435836792,16.3460388184,49.254776001],"normalized_bbox":[[375,224],[391,224],[391,273],[375,273]],"startor":"EDNRB1","relation_category":null,"receptor":"EDN1"},"22":{"image_id":4,"file_name":"validation\\img\/PMC3036164__nihms259428f8.jpg","category_id":0,"bbox":[272.639251709,194.241104126,98.853515625,24.5835418701],"normalized_bbox":[[272,194],[371,194],[371,218],[272,218]],"startor":"EDN1","relation_category":null,"receptor":"EDNRB1"},"23":{"image_id":4,"file_name":"validation\\img\/PMC3036164__nihms259428f8.jpg","category_id":0,"bbox":[63.9892234802,309.6644897461,192.5746154785,56.6060791016],"normalized_bbox":[[63,309],[256,309],[256,366],[63,366]],"startor":"NADL1.1","relation_category":null,"receptor":"HAND2"}}