{"15":{"image_id":17,"file_name":"validation\\img\/PMC3946494__nihms540696f6.jpg","category_id":0,"bbox":[474.2791748047,193.9529571533,62.5854492188,47.1204528809],"normalized_bbox":[[474,193],[536,193],[536,241],[474,241]],"startor":"PAKT","relation_category":null,"receptor":"NF-KB"},"16":{"image_id":17,"file_name":"validation\\img\/PMC3946494__nihms540696f6.jpg","category_id":0,"bbox":[379.4948425293,295.2493591309,44.0844726562,75.1117248535],"normalized_bbox":[[379,295],[423,295],[423,370],[379,370]],"startor":"KB","relation_category":null,"receptor":"KB"},"17":{"image_id":17,"file_name":"validation\\img\/PMC3946494__nihms540696f6.jpg","category_id":0,"bbox":[372.7521972656,116.1620788574,46.866394043,21.4849395752],"normalized_bbox":[[372,116],[419,116],[419,137],[372,137]],"startor":"AKT","relation_category":null,"receptor":"PI3K"},"18":{"image_id":17,"file_name":"validation\\img\/PMC3946494__nihms540696f6.jpg","category_id":0,"bbox":[413.5867919922,427.7894287109,20.4998168945,83.9843139648],"normalized_bbox":[[413,427],[434,427],[434,511],[413,511]],"startor":"NF-KB","relation_category":null,"receptor":"NF-KB"},"19":{"image_id":17,"file_name":"validation\\img\/PMC3946494__nihms540696f6.jpg","category_id":0,"bbox":[342.3814697266,504.4767150879,42.6803894043,38.1644592285],"normalized_bbox":[[342,504],[385,504],[385,542],[342,542]],"startor":"NF-KB","relation_category":null,"receptor":"2"}}