[{"image_size": [912, 654]}, {"normalized_coordinates": [[460, 27], [472, 27], [472, 45], [460, 45]], "gene_name": "5", "coordinates": [460, 27, 12, 18]}, {"normalized_coordinates": [[473, 29], [515, 29], [515, 44], [473, 44]], "gene_name": "PIP3", "coordinates": [473, 29, 42, 15]}, {"normalized_coordinates": [[353, 134], [360, 134], [360, 148], [353, 148]], "gene_name": "3", "coordinates": [353, 134, 7, 14]}, {"normalized_coordinates": [[370, 134], [415, 134], [415, 148], [370, 148]], "gene_name": "PLCR", "coordinates": [370, 134, 45, 14]}, {"normalized_coordinates": [[402, 239], [411, 239], [411, 252], [402, 252]], "gene_name": "4", "coordinates": [402, 239, 9, 13]}, {"normalized_coordinates": [[420, 239], [463, 239], [463, 252], [420, 252]], "gene_name": "PIP2", "coordinates": [420, 239, 43, 13]}, {"normalized_coordinates": [[308, 339], [323, 339], [323, 361], [308, 361]], "gene_name": "9", "coordinates": [308, 339, 15, 22]}, {"normalized_coordinates": [[321, 343], [361, 343], [361, 357], [321, 357]], "gene_name": "PKC", "coordinates": [321, 343, 40, 14]}, {"normalized_coordinates": [[256, 448], [263, 448], [263, 461], [256, 461]], "gene_name": "8", "coordinates": [256, 448, 7, 13]}, {"normalized_coordinates": [[272, 448], [312, 448], [312, 461], [272, 461]], "gene_name": "PKA", "coordinates": [272, 448, 40, 13]}, {"normalized_coordinates": [[70, 549], [81, 549], [81, 568], [70, 568]], "gene_name": "1", "coordinates": [70, 549, 11, 19]}, {"normalized_coordinates": [[83, 549], [106, 549], [106, 568], [83, 568]], "gene_name": "RAF", "coordinates": [83, 549, 23, 19]}, {"normalized_coordinates": [[357, 552], [374, 552], [374, 566], [357, 566]], "gene_name": "10", "coordinates": [357, 552, 17, 14]}, {"normalized_coordinates": [[385, 552], [415, 552], [415, 571], [385, 571]], "gene_name": "P38", "coordinates": [385, 552, 30, 19]}, {"normalized_coordinates": [[506, 553], [520, 553], [520, 566], [506, 566]], "gene_name": "11", "coordinates": [506, 553, 14, 13]}, {"normalized_coordinates": [[531, 553], [569, 553], [569, 566], [531, 566]], "gene_name": "JNK", "coordinates": [531, 553, 38, 13]}, {"normalized_coordinates": [[56, 657], [64, 657], [64, 670], [56, 670]], "gene_name": "2", "coordinates": [56, 657, 8, 13]}, {"normalized_coordinates": [[73, 658], [139, 658], [139, 671], [73, 671]], "gene_name": "MEK1MEK2", "coordinates": [73, 658, 66, 13]}, {"normalized_coordinates": [[136, 761], [144, 761], [144, 775], [136, 775]], "gene_name": "6", "coordinates": [136, 761, 8, 14]}, {"normalized_coordinates": [[154, 761], [210, 761], [210, 775], [154, 775]], "gene_name": "ERK1ERK2", "coordinates": [154, 761, 56, 14]}, {"normalized_coordinates": [[278, 863], [287, 863], [287, 881], [278, 881]], "gene_name": "7", "coordinates": [278, 863, 9, 18]}, {"normalized_coordinates": [[290, 863], [309, 863], [309, 883], [290, 883]], "gene_name": "AKT", "coordinates": [290, 863, 19, 20]}]