[{"image_size": [512, 652]}, {"normalized_coordinates": [[435, 3], [506, 3], [506, 21], [435, 21]], "gene_name": "EPITHELIUM", "coordinates": [435, 3, 71, 18]}, {"normalized_coordinates": [[583, 19], [644, 19], [644, 30], [583, 30]], "gene_name": "CLAUDIN-5", "coordinates": [583, 19, 61, 11]}, {"normalized_coordinates": [[582, 38], [645, 38], [645, 52], [582, 52]], "gene_name": "SEGMENTS", "coordinates": [582, 38, 63, 14]}, {"normalized_coordinates": [[126, 86], [194, 86], [194, 100], [126, 100]], "gene_name": "LEUKOCYTE", "coordinates": [126, 86, 68, 14]}, {"normalized_coordinates": [[315, 106], [350, 106], [350, 122], [315, 122]], "gene_name": "TIGHT", "coordinates": [315, 106, 35, 16]}, {"normalized_coordinates": [[356, 106], [410, 106], [410, 123], [356, 123]], "gene_name": "JUNCTION", "coordinates": [356, 106, 54, 17]}, {"normalized_coordinates": [[113, 140], [159, 140], [159, 158], [113, 158]], "gene_name": "IKB-A", "coordinates": [113, 140, 46, 18]}, {"normalized_coordinates": [[112, 165], [159, 165], [159, 178], [112, 178]], "gene_name": "NF-KB", "coordinates": [112, 165, 47, 13]}, {"normalized_coordinates": [[179, 198], [224, 198], [224, 209], [179, 209]], "gene_name": "MG132", "coordinates": [179, 198, 45, 11]}, {"normalized_coordinates": [[41, 210], [77, 210], [77, 224], [41, 224]], "gene_name": "IKB-A", "coordinates": [41, 210, 36, 14]}, {"normalized_coordinates": [[109, 230], [158, 230], [158, 245], [109, 245]], "gene_name": "NF-KB", "coordinates": [109, 230, 49, 15]}, {"normalized_coordinates": [[325, 240], [378, 240], [378, 251], [325, 251]], "gene_name": "GM6001", "coordinates": [325, 240, 53, 11]}, {"normalized_coordinates": [[221, 256], [267, 256], [267, 267], [221, 267]], "gene_name": "MMP-9", "coordinates": [221, 256, 46, 11]}, {"normalized_coordinates": [[117, 300], [158, 300], [158, 314], [117, 314]], "gene_name": "NF-KB", "coordinates": [117, 300, 41, 14]}, {"normalized_coordinates": [[328, 303], [373, 303], [373, 314], [328, 314]], "gene_name": "MMP-9", "coordinates": [328, 303, 45, 11]}, {"normalized_coordinates": [[571, 331], [646, 331], [646, 342], [571, 342]], "gene_name": "INFILTRATED", "coordinates": [571, 331, 75, 11]}, {"normalized_coordinates": [[564, 349], [635, 349], [635, 365], [564, 365]], "gene_name": "LEUKOCYTE", "coordinates": [564, 349, 71, 16]}, {"normalized_coordinates": [[124, 425], [199, 425], [199, 441], [124, 441]], "gene_name": "STROMA", "coordinates": [124, 425, 75, 16]}, {"normalized_coordinates": [[591, 464], [631, 464], [631, 482], [591, 482]], "gene_name": "CSF", "coordinates": [591, 464, 40, 18]}]