{"19":{"image_id":10,"file_name":"validation\\img\/PMC3502787__CHRP2012-817304.002.jpg","category_id":0,"bbox":[105.3372650146,141.1718139648,41.6590576172,15.2950134277],"normalized_bbox":[[105,141],[146,141],[146,156],[105,156]],"startor":"P85","relation_category":null,"receptor":"PI3K"},"20":{"image_id":10,"file_name":"validation\\img\/PMC3502787__CHRP2012-817304.002.jpg","category_id":2,"bbox":[200.4698028564,146.3700408936,16.6246490479,37.7260131836],"normalized_bbox":[[200,146],[217,146],[217,184],[200,184]],"startor":"TKIS","relation_category":null,"receptor":"1"},"21":{"image_id":10,"file_name":"validation\\img\/PMC3502787__CHRP2012-817304.002.jpg","category_id":2,"bbox":[271.2917175293,145.9899139404,16.2918701172,39.1795501709],"normalized_bbox":[[271,145],[287,145],[287,185],[271,185]],"startor":"TKIS","relation_category":null,"receptor":"1"},"22":{"image_id":10,"file_name":"validation\\img\/PMC3502787__CHRP2012-817304.002.jpg","category_id":0,"bbox":[169.7488555908,191.3767852783,26.7528381348,59.8773651123],"normalized_bbox":[[169,191],[196,191],[196,251],[169,251]],"startor":"P85","relation_category":null,"receptor":"AKT"},"23":{"image_id":10,"file_name":"validation\\img\/PMC3502787__CHRP2012-817304.002.jpg","category_id":0,"bbox":[338.4737243652,195.9917297363,47.7591552734,59.9336242676],"normalized_bbox":[[338,195],[386,195],[386,255],[338,255]],"startor":"PI3K","relation_category":null,"receptor":"AKT"},"24":{"image_id":10,"file_name":"validation\\img\/PMC3502787__CHRP2012-817304.002.jpg","category_id":0,"bbox":[271.0203552246,145.9420776367,16.5864562988,39.8320465088],"normalized_bbox":[[271,145],[287,145],[287,185],[271,185]],"startor":"TKIS","relation_category":null,"receptor":"1"}}