[{"image_size": [607, 600]}, {"normalized_coordinates": [[212, 13], [262, 13], [262, 29], [212, 29]], "gene_name": "IGF1", "coordinates": [212, 13, 50, 16]}, {"normalized_coordinates": [[326, 13], [396, 13], [396, 30], [326, 30]], "gene_name": "IGF1R", "coordinates": [326, 13, 70, 17]}, {"normalized_coordinates": [[251, 59], [279, 59], [279, 78], [251, 78]], "gene_name": "(P", "coordinates": [251, 59, 28, 19]}, {"normalized_coordinates": [[318, 58], [342, 58], [342, 78], [318, 78]], "gene_name": "P", "coordinates": [318, 58, 24, 20]}, {"normalized_coordinates": [[273, 157], [326, 157], [326, 173], [273, 173]], "gene_name": "PI3K", "coordinates": [273, 157, 53, 16]}, {"normalized_coordinates": [[421, 174], [438, 174], [438, 187], [421, 187]], "gene_name": "(+)", "coordinates": [421, 174, 17, 13]}, {"normalized_coordinates": [[159, 184], [177, 184], [177, 197], [159, 197]], "gene_name": "(+)", "coordinates": [159, 184, 18, 13]}, {"normalized_coordinates": [[56, 195], [76, 195], [76, 220], [56, 220]], "gene_name": "P", "coordinates": [56, 195, 20, 25]}, {"normalized_coordinates": [[284, 194], [324, 194], [324, 221], [284, 221]], "gene_name": "TO", "coordinates": [284, 194, 40, 27]}, {"normalized_coordinates": [[92, 230], [150, 230], [150, 245], [92, 245]], "gene_name": "PDK1", "coordinates": [92, 230, 58, 15]}, {"normalized_coordinates": [[484, 235], [535, 235], [535, 249], [484, 249]], "gene_name": "AKT", "coordinates": [484, 235, 51, 14]}, {"normalized_coordinates": [[508, 297], [532, 297], [532, 319], [508, 319]], "gene_name": "(+)", "coordinates": [508, 297, 24, 22]}, {"normalized_coordinates": [[21, 336], [85, 336], [85, 357], [21, 357]], "gene_name": "GNP", "coordinates": [21, 336, 64, 21]}, {"normalized_coordinates": [[465, 350], [560, 350], [560, 368], [465, 368]], "gene_name": "MTORC1", "coordinates": [465, 350, 95, 18]}, {"normalized_coordinates": [[250, 395], [269, 395], [269, 413], [250, 413]], "gene_name": "(P)", "coordinates": [250, 395, 19, 18]}, {"normalized_coordinates": [[335, 393], [361, 393], [361, 413], [335, 413]], "gene_name": "P)", "coordinates": [335, 393, 26, 20]}, {"normalized_coordinates": [[380, 396], [402, 396], [402, 410], [380, 410]], "gene_name": "(+)", "coordinates": [380, 396, 22, 14]}, {"normalized_coordinates": [[279, 429], [320, 429], [320, 445], [279, 445]], "gene_name": "S6K", "coordinates": [279, 429, 41, 16]}, {"normalized_coordinates": [[62, 477], [246, 477], [246, 501], [62, 501]], "gene_name": "DIFFERENTIATION", "coordinates": [62, 477, 184, 24]}, {"normalized_coordinates": [[374, 473], [524, 473], [524, 499], [374, 499]], "gene_name": "PROLIFERATION", "coordinates": [374, 473, 150, 26]}, {"normalized_coordinates": [[436, 514], [450, 514], [450, 526], [436, 526]], "gene_name": "(-)", "coordinates": [436, 514, 14, 12]}, {"normalized_coordinates": [[287, 558], [324, 558], [324, 573], [287, 573]], "gene_name": "EN2", "coordinates": [287, 558, 37, 15]}]