[{"image_size": [1074, 668]}, {"normalized_coordinates": [[368, 6], [509, 6], [509, 37], [368, 37]], "gene_name": "SOMATIC", "coordinates": [368, 6, 141, 31]}, {"normalized_coordinates": [[522, 8], [607, 8], [607, 37], [522, 37]], "gene_name": "CELLS", "coordinates": [522, 8, 85, 29]}, {"normalized_coordinates": [[86, 42], [191, 42], [191, 73], [86, 73]], "gene_name": "DLC-1", "coordinates": [86, 42, 105, 31]}, {"normalized_coordinates": [[274, 172], [366, 172], [366, 202], [274, 202]], "gene_name": "KRI-1", "coordinates": [274, 172, 92, 30]}, {"normalized_coordinates": [[632, 160], [667, 160], [667, 189], [632, 189]], "gene_name": "IR", "coordinates": [632, 160, 35, 29]}, {"normalized_coordinates": [[395, 354], [502, 354], [502, 387], [395, 387]], "gene_name": "CEP-1", "coordinates": [395, 354, 107, 33]}, {"normalized_coordinates": [[34, 508], [149, 508], [149, 536], [34, 536]], "gene_name": "LIN-35", "coordinates": [34, 508, 115, 28]}, {"normalized_coordinates": [[242, 506], [505, 506], [505, 537], [242, 537]], "gene_name": "EGL-1CED-13", "coordinates": [242, 506, 263, 31]}, {"normalized_coordinates": [[140, 628], [255, 628], [255, 660], [140, 660]], "gene_name": "CED-9", "coordinates": [140, 628, 115, 32]}, {"normalized_coordinates": [[460, 678], [614, 678], [614, 711], [460, 711]], "gene_name": "GERMLINE", "coordinates": [460, 678, 154, 33]}, {"normalized_coordinates": [[180, 680], [201, 680], [201, 739], [180, 739]], "gene_name": "1", "coordinates": [180, 680, 21, 59]}, {"normalized_coordinates": [[140, 764], [253, 764], [253, 794], [140, 794]], "gene_name": "CED-4", "coordinates": [140, 764, 113, 30]}, {"normalized_coordinates": [[140, 904], [255, 904], [255, 933], [140, 933]], "gene_name": "CED-3", "coordinates": [140, 904, 115, 29]}, {"normalized_coordinates": [[100, 1036], [271, 1036], [271, 1072], [100, 1072]], "gene_name": "APOPTOSIS", "coordinates": [100, 1036, 171, 36]}]