{"14":{"image_id":14,"file_name":"validation\\img\/PMC3789177__cddis2013319f6.jpg","category_id":2,"bbox":[223.1995391846,554.9890136719,76.8371734619,64.3687744141],"normalized_bbox":[[223,554],[300,554],[300,619],[223,619]],"startor":"EGL-1CED-13","relation_category":null,"receptor":"CED-9"},"15":{"image_id":14,"file_name":"validation\\img\/PMC3789177__cddis2013319f6.jpg","category_id":2,"bbox":[95.1264419556,552.9994506836,65.3962173462,67.3967895508],"normalized_bbox":[[95,552],[160,552],[160,620],[95,620]],"startor":"CED-9","relation_category":null,"receptor":"LIN-35"},"16":{"image_id":14,"file_name":"validation\\img\/PMC3789177__cddis2013319f6.jpg","category_id":0,"bbox":[414.247253418,396.2548217773,38.4913330078,67.2956542969],"normalized_bbox":[[414,396],[452,396],[452,463],[414,463]],"startor":"EGL-1CED-13","relation_category":null,"receptor":"CEP-1"},"17":{"image_id":14,"file_name":"validation\\img\/PMC3789177__cddis2013319f6.jpg","category_id":0,"bbox":[169.6886138916,951.8214111328,42.0157775879,69.4617919922],"normalized_bbox":[[169,951],[211,951],[211,1021],[169,1021]],"startor":"CED-3","relation_category":null,"receptor":"APOPTOSIS"},"18":{"image_id":14,"file_name":"validation\\img\/PMC3789177__cddis2013319f6.jpg","category_id":2,"bbox":[171.1817169189,674.5919189453,38.7723083496,70.8873291016],"normalized_bbox":[[171,674],[209,674],[209,745],[171,745]],"startor":"CED-9","relation_category":null,"receptor":"1"},"19":{"image_id":14,"file_name":"validation\\img\/PMC3789177__cddis2013319f6.jpg","category_id":2,"bbox":[188.0416717529,95.8838806152,94.4153289795,88.3630371094],"normalized_bbox":[[188,95],[282,95],[282,184],[188,184]],"startor":"DLC-1","relation_category":null,"receptor":"KRI-1"},"20":{"image_id":14,"file_name":"validation\\img\/PMC3789177__cddis2013319f6.jpg","category_id":0,"bbox":[169.2175598145,822.9505004883,42.1116943359,68.5045776367],"normalized_bbox":[[169,822],[211,822],[211,891],[169,891]],"startor":"CED-4","relation_category":null,"receptor":"CED-3"},"21":{"image_id":14,"file_name":"validation\\img\/PMC3789177__cddis2013319f6.jpg","category_id":0,"bbox":[464.2289123535,203.8894195557,169.3348693848,148.4709014893],"normalized_bbox":[[464,203],[633,203],[633,352],[464,352]],"startor":"IR","relation_category":null,"receptor":"CEP-1"}}