[{"image_size": [645, 656]}, {"normalized_coordinates": [[254, 21], [318, 21], [318, 38], [254, 38]], "gene_name": "CED-2", "coordinates": [254, 21, 64, 17]}, {"normalized_coordinates": [[262, 46], [309, 46], [309, 62], [262, 62]], "gene_name": "CRKLL", "coordinates": [262, 46, 47, 16]}, {"normalized_coordinates": [[548, 21], [613, 21], [613, 36], [548, 36]], "gene_name": "CED-7", "coordinates": [548, 21, 65, 15]}, {"normalized_coordinates": [[550, 46], [607, 46], [607, 61], [550, 61]], "gene_name": "ABC1", "coordinates": [550, 46, 57, 15]}, {"normalized_coordinates": [[26, 156], [88, 156], [88, 173], [26, 173]], "gene_name": "ABL-1", "coordinates": [26, 156, 62, 17]}, {"normalized_coordinates": [[41, 182], [75, 182], [75, 197], [41, 197]], "gene_name": "ABL", "coordinates": [41, 182, 34, 15]}, {"normalized_coordinates": [[186, 156], [251, 156], [251, 173], [186, 173]], "gene_name": "CED-5", "coordinates": [186, 156, 65, 17]}, {"normalized_coordinates": [[168, 181], [269, 181], [269, 198], [168, 198]], "gene_name": "DOCK180", "coordinates": [168, 181, 101, 17]}, {"normalized_coordinates": [[312, 156], [389, 156], [389, 171], [312, 171]], "gene_name": "CED-12", "coordinates": [312, 156, 77, 15]}, {"normalized_coordinates": [[550, 157], [612, 157], [612, 172], [550, 172]], "gene_name": "CED-1", "coordinates": [550, 157, 62, 15]}, {"normalized_coordinates": [[539, 181], [625, 181], [625, 198], [539, 198]], "gene_name": "MEGF10", "coordinates": [539, 181, 86, 17]}, {"normalized_coordinates": [[320, 182], [381, 182], [381, 197], [320, 197]], "gene_name": "ELMO", "coordinates": [320, 182, 61, 15]}, {"normalized_coordinates": [[247, 287], [324, 287], [324, 303], [247, 303]], "gene_name": "CED-10", "coordinates": [247, 287, 77, 16]}, {"normalized_coordinates": [[267, 312], [304, 312], [304, 328], [267, 328]], "gene_name": "RAC", "coordinates": [267, 312, 37, 16]}, {"normalized_coordinates": [[550, 287], [614, 287], [614, 303], [550, 303]], "gene_name": "CED-6", "coordinates": [550, 287, 64, 16]}, {"normalized_coordinates": [[553, 312], [612, 312], [612, 328], [553, 328]], "gene_name": "GULP", "coordinates": [553, 312, 59, 16]}, {"normalized_coordinates": [[80, 426], [141, 426], [141, 441], [80, 441]], "gene_name": "WAVE", "coordinates": [80, 426, 61, 15]}, {"normalized_coordinates": [[152, 426], [304, 426], [304, 441], [152, 441]], "gene_name": "REGULATORY", "coordinates": [152, 426, 152, 15]}, {"normalized_coordinates": [[549, 432], [611, 432], [611, 447], [549, 447]], "gene_name": "DYN-1", "coordinates": [549, 432, 62, 15]}, {"normalized_coordinates": [[137, 451], [247, 451], [247, 466], [137, 466]], "gene_name": "COMPLEX", "coordinates": [137, 451, 110, 15]}, {"normalized_coordinates": [[534, 457], [626, 457], [626, 477], [534, 477]], "gene_name": "DYNAMIN", "coordinates": [534, 457, 92, 20]}, {"normalized_coordinates": [[223, 595], [429, 595], [429, 616], [223, 616]], "gene_name": "ENGULFMENT", "coordinates": [223, 595, 206, 21]}]