{"14":{"image_id":8,"file_name":"validation\\img\/PMC3341532__nihms-362544-f0008.jpg","category_id":0,"bbox":[195.6826171875,316.0399169922,30.5735168457,38.5026550293],"normalized_bbox":[[195,316],[226,316],[226,354],[195,354]],"startor":"NF-KB","relation_category":null,"receptor":"IL-1B"},"15":{"image_id":8,"file_name":"validation\\img\/PMC3341532__nihms-362544-f0008.jpg","category_id":0,"bbox":[184.0851593018,226.4463348389,18.4909973145,33.7812652588],"normalized_bbox":[[184,226],[202,226],[202,260],[184,260]],"startor":"NF-KB","relation_category":null,"receptor":"IL-1B"},"16":{"image_id":8,"file_name":"validation\\img\/PMC3341532__nihms-362544-f0008.jpg","category_id":0,"bbox":[392.5344238281,317.7719116211,33.818939209,37.4274902344],"normalized_bbox":[[392,317],[426,317],[426,355],[392,355]],"startor":"COX-2","relation_category":null,"receptor":"MCP-1"},"17":{"image_id":8,"file_name":"validation\\img\/PMC3341532__nihms-362544-f0008.jpg","category_id":2,"bbox":[99.8053741455,190.4318237305,42.6100921631,22.7590179443],"normalized_bbox":[[99,190],[142,190],[142,213],[99,213]],"startor":"PPARS","relation_category":null,"receptor":"NF-KB"},"18":{"image_id":8,"file_name":"validation\\img\/PMC3341532__nihms-362544-f0008.jpg","category_id":2,"bbox":[394.5458679199,104.120552063,42.8190917969,23.3947219849],"normalized_bbox":[[394,104],[437,104],[437,127],[394,127]],"startor":"PKCAMEK","relation_category":null,"receptor":"PPARS"},"19":{"image_id":8,"file_name":"validation\\img\/PMC3341532__nihms-362544-f0008.jpg","category_id":0,"bbox":[419.7561645508,232.0352630615,17.3896179199,34.2334136963],"normalized_bbox":[[419,232],[437,232],[437,266],[419,266]],"startor":"PKCAMEK","relation_category":null,"receptor":"MCP-1"},"20":{"image_id":8,"file_name":"validation\\img\/PMC3341532__nihms-362544-f0008.jpg","category_id":0,"bbox":[201.2231292725,143.3712921143,40.9154205322,34.0392913818],"normalized_bbox":[[201,143],[242,143],[242,177],[201,177]],"startor":"ROS","relation_category":null,"receptor":"NF-KB"},"21":{"image_id":8,"file_name":"validation\\img\/PMC3341532__nihms-362544-f0008.jpg","category_id":0,"bbox":[372.3121643066,147.1208190918,37.7655334473,29.7187957764],"normalized_bbox":[[372,147],[410,147],[410,176],[372,176]],"startor":"ROS","relation_category":null,"receptor":"PKCAMEK"},"22":{"image_id":8,"file_name":"validation\\img\/PMC3341532__nihms-362544-f0008.jpg","category_id":0,"bbox":[376.9359741211,131.8769226074,40.4636535645,33.0177764893],"normalized_bbox":[[376,131],[417,131],[417,164],[376,164]],"startor":"ROS","relation_category":null,"receptor":"PKCAMEK"},"23":{"image_id":8,"file_name":"validation\\img\/PMC3341532__nihms-362544-f0008.jpg","category_id":0,"bbox":[318.6491699219,340.2998657227,88.6591491699,60.2890930176],"normalized_bbox":[[318,340],[407,340],[407,400],[318,400]],"startor":"NEURO-INFLAMMATION","relation_category":null,"receptor":"MCP-1"}}