{"20":{"image_id":15,"file_name":"validation\\img\/PMC3920964__cddis2013410f5.jpg","category_id":0,"bbox":[381.3243103027,443.6965637207,40.5856933594,54.2304992676],"normalized_bbox":[[381,443],[421,443],[421,497],[381,497]],"startor":"NFKB","relation_category":null,"receptor":"MMP-9"},"21":{"image_id":15,"file_name":"validation\\img\/PMC3920964__cddis2013410f5.jpg","category_id":0,"bbox":[331.2861022949,685.5821533203,45.4085388184,52.1854248047],"normalized_bbox":[[331,685],[376,685],[376,737],[331,737]],"startor":"MEMBRANE","relation_category":null,"receptor":"DEGRADATION"},"22":{"image_id":15,"file_name":"validation\\img\/PMC3920964__cddis2013410f5.jpg","category_id":0,"bbox":[444.7100524902,685.3022460938,40.7242736816,52.6552124023],"normalized_bbox":[[444,685],[485,685],[485,737],[444,737]],"startor":"JUNCTION","relation_category":null,"receptor":"DEGRADATION"},"23":{"image_id":15,"file_name":"validation\\img\/PMC3920964__cddis2013410f5.jpg","category_id":0,"bbox":[392.2231140137,803.2941894531,28.4895324707,47.1528320312],"normalized_bbox":[[392,803],[420,803],[420,850],[392,850]],"startor":"BREAKDOWN","relation_category":null,"receptor":"NEURONAL"},"24":{"image_id":15,"file_name":"validation\\img\/PMC3920964__cddis2013410f5.jpg","category_id":0,"bbox":[307.2192993164,370.0458679199,55.4297790527,43.8041381836],"normalized_bbox":[[307,370],[362,370],[362,413],[307,413]],"startor":"CYPA","relation_category":null,"receptor":"NFKB"},"25":{"image_id":15,"file_name":"validation\\img\/PMC3920964__cddis2013410f5.jpg","category_id":2,"bbox":[409.6695556641,141.3744659424,87.5268249512,122.964553833],"normalized_bbox":[[409,141],[497,141],[497,264],[409,264]],"startor":"APOE4","relation_category":null,"receptor":"LRP1"},"26":{"image_id":15,"file_name":"validation\\img\/PMC3920964__cddis2013410f5.jpg","category_id":0,"bbox":[395.6138000488,912.7676391602,23.8047180176,42.9498291016],"normalized_bbox":[[395,912],[419,912],[419,955],[395,955]],"startor":"NEURONAL","relation_category":null,"receptor":"DYSFUNCTION"},"27":{"image_id":15,"file_name":"validation\\img\/PMC3920964__cddis2013410f5.jpg","category_id":0,"bbox":[224.0694580078,137.421875,147.7418518066,130.2588806152],"normalized_bbox":[[224,137],[371,137],[371,267],[224,267]],"startor":"APOE2","relation_category":null,"receptor":"LRP1"},"28":{"image_id":15,"file_name":"validation\\img\/PMC3920964__cddis2013410f5.jpg","category_id":0,"bbox":[404.2260131836,534.4420776367,67.5209655762,68.0717163086],"normalized_bbox":[[404,534],[471,534],[471,602],[404,602]],"startor":"MMP-9","relation_category":null,"receptor":"TIGHT"},"29":{"image_id":15,"file_name":"validation\\img\/PMC3920964__cddis2013410f5.jpg","category_id":0,"bbox":[342.2783813477,538.4958496094,71.5869140625,64.6192016602],"normalized_bbox":[[342,538],[413,538],[413,603],[342,603]],"startor":"MMP-9","relation_category":null,"receptor":"BASEMENT"},"30":{"image_id":15,"file_name":"validation\\img\/PMC3920964__cddis2013410f5.jpg","category_id":0,"bbox":[342.3927612305,308.7635498047,51.2721557617,64.753326416],"normalized_bbox":[[342,308],[393,308],[393,373],[342,373]],"startor":"LRP1","relation_category":null,"receptor":"CYPA"},"31":{"image_id":15,"file_name":"validation\\img\/PMC3920964__cddis2013410f5.jpg","category_id":0,"bbox":[375.9088134766,118.0366210938,25.8988647461,124.3306274414],"normalized_bbox":[[375,118],[401,118],[401,242],[375,242]],"startor":"APOE3","relation_category":null,"receptor":"LRP1"},"32":{"image_id":15,"file_name":"validation\\img\/PMC3920964__cddis2013410f5.jpg","category_id":0,"bbox":[367.5234680176,534.7796630859,75.813293457,68.7562255859],"normalized_bbox":[[367,534],[443,534],[443,603],[367,603]],"startor":"BASEMENT","relation_category":null,"receptor":"TIGHT"},"33":{"image_id":15,"file_name":"validation\\img\/PMC3920964__cddis2013410f5.jpg","category_id":0,"bbox":[407.4093017578,137.9971923828,91.7508239746,126.1970214844],"normalized_bbox":[[407,137],[499,137],[499,264],[407,264]],"startor":"APOE4","relation_category":null,"receptor":"LRP1"}}