[{"image_size": [626, 739]}, {"normalized_coordinates": [[347, 8], [388, 8], [388, 25], [347, 25]], "gene_name": "DNA", "coordinates": [347, 8, 41, 17]}, {"normalized_coordinates": [[396, 8], [473, 8], [473, 29], [396, 29]], "gene_name": "DAMAGE", "coordinates": [396, 8, 77, 21]}, {"normalized_coordinates": [[318, 83], [505, 83], [505, 103], [318, 103]], "gene_name": "MEDIATORSSENSORS", "coordinates": [318, 83, 187, 20]}, {"normalized_coordinates": [[50, 109], [111, 109], [111, 131], [50, 131]], "gene_name": "H2AX", "coordinates": [50, 109, 61, 22]}, {"normalized_coordinates": [[33, 127], [144, 127], [144, 153], [33, 153]], "gene_name": "ANA", "coordinates": [33, 127, 111, 26]}, {"normalized_coordinates": [[160, 125], [219, 125], [219, 152], [160, 152]], "gene_name": "O-1-1", "coordinates": [160, 125, 59, 27]}, {"normalized_coordinates": [[235, 124], [270, 124], [270, 150], [235, 150]], "gene_name": "RPA", "coordinates": [235, 124, 35, 26]}, {"normalized_coordinates": [[630, 109], [690, 109], [690, 131], [630, 131]], "gene_name": "H2AX", "coordinates": [630, 109, 60, 22]}, {"normalized_coordinates": [[305, 129], [355, 129], [355, 148], [305, 148]], "gene_name": "ATRIP", "coordinates": [305, 129, 50, 19]}, {"normalized_coordinates": [[383, 129], [412, 129], [412, 148], [383, 148]], "gene_name": "ATR", "coordinates": [383, 129, 29, 19]}, {"normalized_coordinates": [[458, 127], [518, 127], [518, 148], [458, 148]], "gene_name": "TOPBP1", "coordinates": [458, 127, 60, 21]}, {"normalized_coordinates": [[546, 127], [573, 127], [573, 148], [546, 148]], "gene_name": "FPC", "coordinates": [546, 127, 27, 21]}, {"normalized_coordinates": [[335, 236], [453, 236], [453, 252], [335, 252]], "gene_name": "TRANSDUCERS", "coordinates": [335, 236, 118, 16]}, {"normalized_coordinates": [[484, 234], [543, 234], [543, 253], [484, 253]], "gene_name": "CHK1", "coordinates": [484, 234, 59, 19]}, {"normalized_coordinates": [[552, 234], [605, 234], [605, 253], [552, 253]], "gene_name": "CHK2)", "coordinates": [552, 234, 53, 19]}, {"normalized_coordinates": [[354, 349], [438, 349], [438, 366], [354, 366]], "gene_name": "EFFECTORS", "coordinates": [354, 349, 84, 17]}, {"normalized_coordinates": [[477, 354], [583, 354], [583, 381], [477, 381]], "gene_name": "(CDC25A.B(CDC25A.BC)", "coordinates": [477, 354, 106, 27]}, {"normalized_coordinates": [[355, 470], [409, 470], [409, 488], [355, 488]], "gene_name": "CDKS", "coordinates": [355, 470, 54, 18]}, {"normalized_coordinates": [[418, 469], [458, 469], [458, 484], [418, 484]], "gene_name": "DDK", "coordinates": [418, 469, 40, 15]}, {"normalized_coordinates": [[351, 584], [383, 584], [383, 602], [351, 602]], "gene_name": "CELL", "coordinates": [351, 584, 32, 18]}, {"normalized_coordinates": [[392, 583], [437, 583], [437, 606], [392, 606]], "gene_name": "CYCLE", "coordinates": [392, 583, 45, 23]}]