{"22":{"image_id":11,"file_name":"validation\\img\/PMC3521709__pgen.1003115.g001.jpg","category_id":0,"bbox":[565.5462646484,498.1909484863,28.9052734375,61.1081848145],"normalized_bbox":[[565,498],[594,498],[594,559],[565,559]],"startor":"DYN-1","relation_category":null,"receptor":"DYNAMIN"},"23":{"image_id":11,"file_name":"validation\\img\/PMC3521709__pgen.1003115.g001.jpg","category_id":0,"bbox":[271.9270324707,89.0510787964,27.0787353516,43.9063491821],"normalized_bbox":[[271,89],[299,89],[299,132],[271,132]],"startor":"CED-2","relation_category":null,"receptor":"CRKLL"},"24":{"image_id":11,"file_name":"validation\\img\/PMC3521709__pgen.1003115.g001.jpg","category_id":0,"bbox":[272.124420166,350.7042236328,27.2989807129,50.7250061035],"normalized_bbox":[[272,350],[299,350],[299,401],[272,401]],"startor":"CED-10","relation_category":null,"receptor":"RAC"},"25":{"image_id":11,"file_name":"validation\\img\/PMC3521709__pgen.1003115.g001.jpg","category_id":0,"bbox":[566.3726806641,350.8733825684,26.6893310547,50.6578369141],"normalized_bbox":[[566,350],[593,350],[593,401],[566,401]],"startor":"GULP","relation_category":null,"receptor":"DYN-1"},"26":{"image_id":11,"file_name":"validation\\img\/PMC3521709__pgen.1003115.g001.jpg","category_id":0,"bbox":[566.7597045898,86.7485961914,26.5413818359,40.7613983154],"normalized_bbox":[[566,86],[593,86],[593,127],[566,127]],"startor":"ABC1","relation_category":null,"receptor":"CED-1"},"27":{"image_id":11,"file_name":"validation\\img\/PMC3521709__pgen.1003115.g001.jpg","category_id":0,"bbox":[272.8604125977,224.2497711182,25.5270996094,37.6563568115],"normalized_bbox":[[272,224],[298,224],[298,261],[272,261]],"startor":"ELMO","relation_category":null,"receptor":"CED-10"},"28":{"image_id":11,"file_name":"validation\\img\/PMC3521709__pgen.1003115.g001.jpg","category_id":0,"bbox":[178.1633453369,496.9671936035,28.4577178955,65.2169494629],"normalized_bbox":[[178,496],[206,496],[206,562],[178,562]],"startor":"REGULATORY","relation_category":null,"receptor":"COMPLEX"},"29":{"image_id":11,"file_name":"validation\\img\/PMC3521709__pgen.1003115.g001.jpg","category_id":0,"bbox":[567.2051391602,223.542678833,26.3120727539,34.7098846436],"normalized_bbox":[[567,223],[593,223],[593,258],[567,258]],"startor":"MEGF10","relation_category":null,"receptor":"CED-6"},"30":{"image_id":11,"file_name":"validation\\img\/PMC3521709__pgen.1003115.g001.jpg","category_id":2,"bbox":[40.9683647156,216.5037536621,39.8859825134,187.6168823242],"normalized_bbox":[[40,216],[80,216],[80,404],[40,404]],"startor":"ABL","relation_category":null,"receptor":"WAVE"}}