{"11":{"image_id":22,"file_name":"validation\\img\/PMC4252843__nihms611316f5.jpg","category_id":0,"bbox":[77.6598205566,182.0494384766,23.6120223999,47.6810913086],"normalized_bbox":[[77,182],[101,182],[101,229],[77,229]],"startor":"GPCR","relation_category":null,"receptor":"GA;"},"12":{"image_id":22,"file_name":"validation\\img\/PMC4252843__nihms611316f5.jpg","category_id":0,"bbox":[57.4604301453,52.0617027283,23.565196991,49.3119697571],"normalized_bbox":[[57,52],[81,52],[81,101],[57,101]],"startor":"CTF","relation_category":null,"receptor":"GPCR"},"13":{"image_id":22,"file_name":"validation\\img\/PMC4252843__nihms611316f5.jpg","category_id":0,"bbox":[161.5350646973,282.8282165527,48.8444824219,36.4216918945],"normalized_bbox":[[161,282],[210,282],[210,319],[161,319]],"startor":"GA;","relation_category":null,"receptor":"GBY"},"14":{"image_id":22,"file_name":"validation\\img\/PMC4252843__nihms611316f5.jpg","category_id":0,"bbox":[496.0220031738,66.6981964111,46.6714782715,41.8103027344],"normalized_bbox":[[496,66],[542,66],[542,108],[496,108]],"startor":"HB-EGF","relation_category":null,"receptor":"EGFR"},"15":{"image_id":22,"file_name":"validation\\img\/PMC4252843__nihms611316f5.jpg","category_id":0,"bbox":[280.5790710449,161.4939727783,23.2395629883,48.6170349121],"normalized_bbox":[[280,161],[303,161],[303,210],[280,210]],"startor":"CA2+","relation_category":null,"receptor":"ADAM-10ADAM-12"},"16":{"image_id":22,"file_name":"validation\\img\/PMC4252843__nihms611316f5.jpg","category_id":0,"bbox":[318.7432861328,67.9020996094,47.4540100098,38.8606796265],"normalized_bbox":[[318,67],[366,67],[366,106],[318,106]],"startor":"HB-EGF","relation_category":null,"receptor":"ADAM-10ADAM-12"}}