[{"image_size": [795, 765]}, {"normalized_coordinates": [[106, 2], [289, 2], [289, 33], [106, 33]], "gene_name": "PERSISTENT", "coordinates": [106, 2, 183, 31]}, {"normalized_coordinates": [[416, 2], [573, 2], [573, 42], [416, 42]], "gene_name": "EXPOSED", "coordinates": [416, 2, 157, 40]}, {"normalized_coordinates": [[410, 54], [579, 54], [579, 87], [410, 87]], "gene_name": "TELOMERE", "coordinates": [410, 54, 169, 33]}, {"normalized_coordinates": [[74, 52], [160, 52], [160, 87], [74, 87]], "gene_name": "DNA", "coordinates": [74, 52, 86, 35]}, {"normalized_coordinates": [[172, 53], [320, 53], [320, 94], [172, 94]], "gene_name": "DAMAGE", "coordinates": [172, 53, 148, 41]}, {"normalized_coordinates": [[114, 228], [178, 228], [178, 260], [114, 260]], "gene_name": "AAI", "coordinates": [114, 228, 64, 32]}, {"normalized_coordinates": [[212, 224], [276, 224], [276, 260], [212, 260]], "gene_name": "H", "coordinates": [212, 224, 64, 36]}, {"normalized_coordinates": [[308, 229], [386, 229], [386, 262], [308, 262]], "gene_name": "ATM", "coordinates": [308, 229, 78, 33]}, {"normalized_coordinates": [[576, 240], [717, 240], [717, 275], [576, 275]], "gene_name": "CELLULAR", "coordinates": [576, 240, 141, 35]}, {"normalized_coordinates": [[532, 294], [759, 294], [759, 327], [532, 327]], "gene_name": "SENESCENCE", "coordinates": [532, 294, 227, 33]}, {"normalized_coordinates": [[300, 336], [396, 336], [396, 366], [300, 366]], "gene_name": "IGF-1", "coordinates": [300, 336, 96, 30]}, {"normalized_coordinates": [[546, 344], [623, 344], [623, 382], [546, 382]], "gene_name": "(RS", "coordinates": [546, 344, 77, 38]}, {"normalized_coordinates": [[642, 343], [747, 343], [747, 384], [642, 384]], "gene_name": "SIPS)", "coordinates": [642, 343, 105, 41]}, {"normalized_coordinates": [[4, 438], [155, 438], [155, 471], [4, 471]], "gene_name": "AG1024", "coordinates": [4, 438, 151, 33]}, {"normalized_coordinates": [[184, 434], [249, 434], [249, 472], [184, 472]], "gene_name": "\u2013H", "coordinates": [184, 434, 65, 38]}, {"normalized_coordinates": [[284, 441], [417, 441], [417, 473], [284, 473]], "gene_name": "IGF-1R", "coordinates": [284, 441, 133, 32]}, {"normalized_coordinates": [[210, 546], [324, 546], [324, 582], [210, 582]], "gene_name": "MAPK", "coordinates": [210, 546, 114, 36]}, {"normalized_coordinates": [[340, 547], [492, 547], [492, 590], [340, 590]], "gene_name": "PATHWAY", "coordinates": [340, 547, 152, 43]}, {"normalized_coordinates": [[302, 654], [394, 654], [394, 692], [302, 692]], "gene_name": "EGR-1", "coordinates": [302, 654, 92, 38]}, {"normalized_coordinates": [[299, 759], [399, 759], [399, 791], [299, 791]], "gene_name": "SCLU", "coordinates": [299, 759, 100, 32]}, {"normalized_coordinates": [[438, 775], [458, 775], [458, 779], [438, 779]], "gene_name": "-", "coordinates": [438, 775, 20, 4]}]