{"13":{"image_id":19,"file_name":"validation\\img\/PMC4057701__ijms-15-07711f2.jpg","category_id":0,"bbox":[340.0549316406,734.9065551758,43.846282959,69.2621459961],"normalized_bbox":[[340,734],[383,734],[383,804],[340,804]],"startor":"LYM","relation_category":null,"receptor":"IFN-Y"},"14":{"image_id":19,"file_name":"validation\\img\/PMC4057701__ijms-15-07711f2.jpg","category_id":0,"bbox":[338.0314331055,513.6578369141,49.7945251465,66.4598388672],"normalized_bbox":[[338,513],[387,513],[387,580],[338,580]],"startor":"LYM","relation_category":null,"receptor":"IL-12"},"15":{"image_id":19,"file_name":"validation\\img\/PMC4057701__ijms-15-07711f2.jpg","category_id":0,"bbox":[339.5595397949,865.213684082,47.3635253906,117.1307983398],"normalized_bbox":[[339,865],[386,865],[386,982],[339,982]],"startor":"LYM","relation_category":null,"receptor":"IFN-Y"},"16":{"image_id":19,"file_name":"validation\\img\/PMC4057701__ijms-15-07711f2.jpg","category_id":0,"bbox":[301.250579834,295.7521972656,77.1332397461,186.0369262695],"normalized_bbox":[[301,295],[378,295],[378,481],[301,481]],"startor":"NF-KB","relation_category":null,"receptor":"IL-12"},"17":{"image_id":19,"file_name":"validation\\img\/PMC4057701__ijms-15-07711f2.jpg","category_id":0,"bbox":[339.5592346191,266.7225036621,112.1411132812,55.7193603516],"normalized_bbox":[[339,266],[451,266],[451,322],[339,322]],"startor":"M","relation_category":null,"receptor":"NF-KB"},"18":{"image_id":19,"file_name":"validation\\img\/PMC4057701__ijms-15-07711f2.jpg","category_id":0,"bbox":[341.5880126953,165.5416107178,115.6141967773,152.5125274658],"normalized_bbox":[[341,165],[457,165],[457,318],[341,318]],"startor":"TRIE","relation_category":null,"receptor":"NF-KB"}}