[{"image_size": [832, 696]}, {"normalized_coordinates": [[61, 109], [128, 109], [128, 69], [61, 69]], "gene_name": "6-OHDA", "coordinates": [61, 109, 67, -40]}, {"normalized_coordinates": [[56, 149], [124, 149], [124, 113], [56, 113]], "gene_name": "INDUCED", "coordinates": [56, 149, 68, -36]}, {"normalized_coordinates": [[118, 93], [170, 93], [170, 68], [118, 68]], "gene_name": "STRESS", "coordinates": [118, 93, 52, -25]}, {"normalized_coordinates": [[304, 177], [357, 177], [357, 195], [304, 195]], "gene_name": "JNKS", "coordinates": [304, 177, 53, 18]}, {"normalized_coordinates": [[75, 257], [108, 257], [108, 274], [75, 274]], "gene_name": "BCL-", "coordinates": [75, 257, 33, 17]}, {"normalized_coordinates": [[115, 256], [173, 256], [173, 278], [115, 278]], "gene_name": "FAMILY", "coordinates": [115, 256, 58, 22]}, {"normalized_coordinates": [[383, 259], [431, 259], [431, 274], [383, 274]], "gene_name": "C-JUN", "coordinates": [383, 259, 48, 15]}, {"normalized_coordinates": [[303, 348], [356, 348], [356, 365], [303, 365]], "gene_name": "AP-1", "coordinates": [303, 348, 53, 17]}, {"normalized_coordinates": [[592, 347], [626, 347], [626, 365], [592, 365]], "gene_name": "FAS", "coordinates": [592, 347, 34, 18]}, {"normalized_coordinates": [[636, 348], [646, 348], [646, 365], [636, 365]], "gene_name": "L", "coordinates": [636, 348, 10, 17]}, {"normalized_coordinates": [[201, 467], [338, 467], [338, 487], [201, 487]], "gene_name": "MITOCHONDRIA", "coordinates": [201, 467, 137, 20]}, {"normalized_coordinates": [[346, 466], [464, 466], [464, 489], [346, 489]], "gene_name": "CYTOCHROME C", "coordinates": [346, 466, 118, 23]}, {"normalized_coordinates": [[471, 473], [479, 473], [479, 483], [471, 483]], "gene_name": "C", "coordinates": [471, 473, 8, 10]}, {"normalized_coordinates": [[277, 567], [363, 567], [363, 586], [277, 586]], "gene_name": "CASPASE-", "coordinates": [277, 567, 86, 19]}, {"normalized_coordinates": [[370, 567], [379, 567], [379, 582], [370, 582]], "gene_name": "3", "coordinates": [370, 567, 9, 15]}, {"normalized_coordinates": [[272, 719], [312, 719], [312, 738], [272, 738]], "gene_name": "CELL", "coordinates": [272, 719, 40, 19]}, {"normalized_coordinates": [[323, 719], [390, 719], [390, 738], [323, 738]], "gene_name": "DEATH", "coordinates": [323, 719, 67, 19]}]