{"8":{"image_id":37,"file_name":"validation\\img\/PMC5967041__12885_2018_4500_Fig4_HTML.jpg","category_id":2,"bbox":[254.5712738037,571.5286865234,51.2336578369,52.6268310547],"normalized_bbox":[[254,571],[305,571],[305,624],[254,624]],"startor":"ERK1ERK2","relation_category":null,"receptor":"UO126"},"9":{"image_id":37,"file_name":"validation\\img\/PMC5967041__12885_2018_4500_Fig4_HTML.jpg","category_id":0,"bbox":[193.1907196045,477.5056762695,32.9177093506,52.4596557617],"normalized_bbox":[[193,477],[226,477],[226,529],[193,529]],"startor":"UO126","relation_category":null,"receptor":"ERK1ERK2"},"10":{"image_id":37,"file_name":"validation\\img\/PMC5967041__12885_2018_4500_Fig4_HTML.jpg","category_id":0,"bbox":[548.2318725586,365.006439209,142.734375,134.3594970703],"normalized_bbox":[[548,365],[690,365],[690,499],[548,499]],"startor":"NEO-SYNTHESIS","relation_category":null,"receptor":"PROTEIN"},"11":{"image_id":37,"file_name":"validation\\img\/PMC5967041__12885_2018_4500_Fig4_HTML.jpg","category_id":0,"bbox":[333.2221984863,536.6145629883,38.3421325684,20.5090332031],"normalized_bbox":[[333,536],[371,536],[371,557],[333,557]],"startor":"ERK1ERK2","relation_category":null,"receptor":"MRNA"}}