[{"image_size": [763, 675]}, {"normalized_coordinates": [[287, 50], [358, 50], [358, 64], [287, 64]], "gene_name": "MYOCARDIAL", "coordinates": [287, 50, 71, 14]}, {"normalized_coordinates": [[295, 63], [346, 63], [346, 80], [295, 80]], "gene_name": "DAMAGE", "coordinates": [295, 63, 51, 17]}, {"normalized_coordinates": [[275, 227], [342, 227], [342, 241], [275, 241]], "gene_name": "P38ATIR", "coordinates": [275, 227, 67, 14]}, {"normalized_coordinates": [[349, 227], [393, 227], [393, 238], [349, 238]], "gene_name": "MAPK", "coordinates": [349, 227, 44, 11]}, {"normalized_coordinates": [[626, 311], [652, 311], [652, 321], [626, 321]], "gene_name": "PFD", "coordinates": [626, 311, 26, 10]}, {"normalized_coordinates": [[20, 327], [47, 327], [47, 337], [20, 337]], "gene_name": "PFD", "coordinates": [20, 327, 27, 10]}, {"normalized_coordinates": [[343, 326], [381, 326], [381, 337], [343, 337]], "gene_name": "ACE2", "coordinates": [343, 326, 38, 11]}, {"normalized_coordinates": [[257, 344], [287, 344], [287, 355], [257, 355]], "gene_name": "ACE", "coordinates": [257, 344, 30, 11]}, {"normalized_coordinates": [[486, 380], [529, 380], [529, 390], [486, 390]], "gene_name": "LXR-A", "coordinates": [486, 380, 43, 10]}, {"normalized_coordinates": [[126, 387], [170, 387], [170, 398], [126, 398]], "gene_name": "LXR-A", "coordinates": [126, 387, 44, 11]}, {"normalized_coordinates": [[334, 419], [393, 419], [393, 433], [334, 433]], "gene_name": "ANG(1-7", "coordinates": [334, 419, 59, 14]}, {"normalized_coordinates": [[260, 452], [285, 452], [285, 466], [260, 466]], "gene_name": "ANG", "coordinates": [260, 452, 25, 14]}, {"normalized_coordinates": [[291, 450], [299, 450], [299, 462], [291, 462]], "gene_name": "2", "coordinates": [291, 450, 8, 12]}, {"normalized_coordinates": [[343, 516], [375, 516], [375, 527], [343, 527]], "gene_name": "MAS", "coordinates": [343, 516, 32, 11]}, {"normalized_coordinates": [[260, 543], [299, 543], [299, 554], [260, 554]], "gene_name": "ATIR", "coordinates": [260, 543, 39, 11]}, {"normalized_coordinates": [[280, 737], [328, 737], [328, 748], [280, 748]], "gene_name": "CARDIAC", "coordinates": [280, 737, 48, 11]}, {"normalized_coordinates": [[335, 737], [381, 737], [381, 749], [335, 749]], "gene_name": "FIBROSIS", "coordinates": [335, 737, 46, 12]}]