{"17":{"image_id":25,"file_name":"validation\\img\/PMC5037850__ijms-17-01585-g001.jpg","category_id":0,"bbox":[312.6390075684,501.0492553711,25.4216308594,50.1461791992],"normalized_bbox":[[312,501],[338,501],[338,551],[312,551]],"startor":"MITOCHONDRIA","relation_category":null,"receptor":"CASPASE-"},"18":{"image_id":25,"file_name":"validation\\img\/PMC5037850__ijms-17-01585-g001.jpg","category_id":0,"bbox":[317.2631530762,392.7242126465,22.6660461426,52.6105957031],"normalized_bbox":[[317,392],[339,392],[339,445],[317,445]],"startor":"AP-1","relation_category":null,"receptor":"MITOCHONDRIA"},"19":{"image_id":25,"file_name":"validation\\img\/PMC5037850__ijms-17-01585-g001.jpg","category_id":0,"bbox":[169.0865020752,194.8148040771,76.5005187988,51.056060791],"normalized_bbox":[[169,194],[245,194],[245,245],[169,245]],"startor":"JNKS","relation_category":null,"receptor":"FAMILY"},"20":{"image_id":25,"file_name":"validation\\img\/PMC5037850__ijms-17-01585-g001.jpg","category_id":0,"bbox":[157.6396636963,112.5739822388,99.8416900635,59.0557022095],"normalized_bbox":[[157,112],[257,112],[257,171],[157,171]],"startor":"STRESS","relation_category":null,"receptor":"JNKS"},"21":{"image_id":25,"file_name":"validation\\img\/PMC5037850__ijms-17-01585-g001.jpg","category_id":0,"bbox":[312.547088623,593.6948242188,25.9970397949,76.2998657227],"normalized_bbox":[[312,593],[338,593],[338,669],[312,669]],"startor":"3","relation_category":null,"receptor":"CASPASE-"},"22":{"image_id":25,"file_name":"validation\\img\/PMC5037850__ijms-17-01585-g001.jpg","category_id":0,"bbox":[318.4018554688,219.2101287842,20.2217102051,96.1714630127],"normalized_bbox":[[318,219],[338,219],[338,315],[318,315]],"startor":"JNKS","relation_category":null,"receptor":"AP-1"},"23":{"image_id":25,"file_name":"validation\\img\/PMC5037850__ijms-17-01585-g001.jpg","category_id":0,"bbox":[514.0224609375,464.8644714355,118.4749145508,26.0588684082],"normalized_bbox":[[514,464],[632,464],[632,490],[514,490]],"startor":"FAS","relation_category":null,"receptor":"C"}}