[{"image_size": [571, 675]}, {"normalized_coordinates": [[359, 11], [404, 11], [404, 21], [359, 21]], "gene_name": "TGFBS", "coordinates": [359, 11, 45, 10]}, {"normalized_coordinates": [[561, 14], [600, 14], [600, 24], [561, 24]], "gene_name": "NREP", "coordinates": [561, 14, 39, 10]}, {"normalized_coordinates": [[202, 96], [257, 96], [257, 106], [202, 106]], "gene_name": "TGFBR1", "coordinates": [202, 96, 55, 10]}, {"normalized_coordinates": [[270, 90], [339, 90], [339, 109], [270, 109]], "gene_name": "TGFBR2", "coordinates": [270, 90, 69, 19]}, {"normalized_coordinates": [[330, 152], [379, 152], [379, 163], [330, 163]], "gene_name": "SMAD2", "coordinates": [330, 152, 49, 11]}, {"normalized_coordinates": [[331, 175], [380, 175], [380, 186], [331, 186]], "gene_name": "SMAD3", "coordinates": [331, 175, 49, 11]}, {"normalized_coordinates": [[561, 206], [610, 206], [610, 217], [561, 217]], "gene_name": "SMAD4", "coordinates": [561, 206, 49, 11]}, {"normalized_coordinates": [[118, 345], [158, 345], [158, 355], [118, 355]], "gene_name": "HIPK2", "coordinates": [118, 345, 40, 10]}, {"normalized_coordinates": [[420, 384], [478, 384], [478, 394], [420, 394]], "gene_name": "PRDM16", "coordinates": [420, 384, 58, 10]}, {"normalized_coordinates": [[152, 416], [254, 416], [254, 432], [152, 432]], "gene_name": "TRANSCRIPTION", "coordinates": [152, 416, 102, 16]}, {"normalized_coordinates": [[84, 426], [113, 426], [113, 436], [84, 436]], "gene_name": "DNA", "coordinates": [84, 426, 29, 10]}]