[{"image_size": [774, 615]}, {"normalized_coordinates": [[5, 5], [153, 5], [153, 31], [5, 31]], "gene_name": "LIPO-PGE1", "coordinates": [5, 5, 148, 26]}, {"normalized_coordinates": [[264, 225], [349, 225], [349, 245], [264, 245]], "gene_name": "ERK1ERK2", "coordinates": [264, 225, 85, 20]}, {"normalized_coordinates": [[371, 385], [438, 385], [438, 407], [371, 407]], "gene_name": "ETS-1", "coordinates": [371, 385, 67, 22]}, {"normalized_coordinates": [[146, 714], [291, 714], [291, 747], [146, 747]], "gene_name": "COLLAGEN", "coordinates": [146, 714, 145, 33]}, {"normalized_coordinates": [[300, 714], [477, 714], [477, 747], [300, 747]], "gene_name": "PRODUCTION", "coordinates": [300, 714, 177, 33]}]