{"11":{"image_id":31,"file_name":"validation\\img\/PMC5541090__41598_2017_6522_Fig1_HTML.jpg","category_id":0,"bbox":[222.250213623,17.3363723755,105.8114929199,68.5997085571],"normalized_bbox":[[222,17],[328,17],[328,85],[222,85]],"startor":"TGFBR1","relation_category":null,"receptor":"TGFBR2"},"12":{"image_id":31,"file_name":"validation\\img\/PMC5541090__41598_2017_6522_Fig1_HTML.jpg","category_id":2,"bbox":[206.2741851807,348.9538879395,49.6296234131,54.2300109863],"normalized_bbox":[[206,348],[255,348],[255,403],[206,403]],"startor":"HIPK2","relation_category":null,"receptor":"TRANSCRIPTION"},"13":{"image_id":31,"file_name":"validation\\img\/PMC5541090__41598_2017_6522_Fig1_HTML.jpg","category_id":0,"bbox":[303.2925109863,13.9496135712,28.662902832,73.2517242432],"normalized_bbox":[[303,13],[331,13],[331,87],[303,87]],"startor":"TGFBS","relation_category":null,"receptor":"TGFBR2"},"14":{"image_id":31,"file_name":"validation\\img\/PMC5541090__41598_2017_6522_Fig1_HTML.jpg","category_id":0,"bbox":[233.927520752,191.0789489746,129.1329040527,198.3159484863],"normalized_bbox":[[233,191],[363,191],[363,389],[233,389]],"startor":"SMAD3","relation_category":null,"receptor":"TRANSCRIPTION"},"15":{"image_id":31,"file_name":"validation\\img\/PMC5541090__41598_2017_6522_Fig1_HTML.jpg","category_id":2,"bbox":[249.5196380615,356.1495361328,157.2554779053,40.3411560059],"normalized_bbox":[[249,356],[406,356],[406,396],[249,396]],"startor":"PRDM16","relation_category":null,"receptor":"TRANSCRIPTION"},"16":{"image_id":31,"file_name":"validation\\img\/PMC5541090__41598_2017_6522_Fig1_HTML.jpg","category_id":0,"bbox":[293.4040222168,113.6740341187,63.0255432129,27.8458175659],"normalized_bbox":[[293,113],[356,113],[356,141],[293,141]],"startor":"TGFBR2","relation_category":null,"receptor":"SMAD2"},"17":{"image_id":31,"file_name":"validation\\img\/PMC5541090__41598_2017_6522_Fig1_HTML.jpg","category_id":0,"bbox":[434.5741882324,5.5887331963,105.354095459,24.095457077],"normalized_bbox":[[434,5],[539,5],[539,29],[434,29]],"startor":"NREP","relation_category":null,"receptor":"TGFBS"},"18":{"image_id":31,"file_name":"validation\\img\/PMC5541090__41598_2017_6522_Fig1_HTML.jpg","category_id":0,"bbox":[249.5277099609,359.0568847656,155.646270752,39.3649902344],"normalized_bbox":[[249,359],[405,359],[405,398],[249,398]],"startor":"PRDM16","relation_category":null,"receptor":"TRANSCRIPTION"},"19":{"image_id":31,"file_name":"validation\\img\/PMC5541090__41598_2017_6522_Fig1_HTML.jpg","category_id":0,"bbox":[248.2080078125,110.8598709106,111.3030395508,29.3692398071],"normalized_bbox":[[248,110],[359,110],[359,140],[248,140]],"startor":"TGFBR2","relation_category":null,"receptor":"SMAD2"},"20":{"image_id":31,"file_name":"validation\\img\/PMC5541090__41598_2017_6522_Fig1_HTML.jpg","category_id":0,"bbox":[180.1870880127,325.8694458008,85.3436126709,28.6738586426],"normalized_bbox":[[180,325],[265,325],[265,354],[180,354]],"startor":"HIPK2","relation_category":null,"receptor":"TRANSCRIPTION"}}