[{"image_size": [728, 633]}, {"normalized_coordinates": [[509, 49], [572, 49], [572, 70], [509, 70]], "gene_name": "NOS1", "coordinates": [509, 49, 63, 21]}, {"normalized_coordinates": [[480, 99], [514, 99], [514, 112], [480, 112]], "gene_name": "PDZ", "coordinates": [480, 99, 34, 13]}, {"normalized_coordinates": [[521, 97], [590, 97], [590, 113], [521, 113]], "gene_name": "DOMAIN", "coordinates": [521, 97, 69, 16]}, {"normalized_coordinates": [[396, 108], [423, 108], [423, 122], [396, 122]], "gene_name": "NO", "coordinates": [396, 108, 27, 14]}, {"normalized_coordinates": [[217, 141], [338, 141], [338, 159], [217, 159]], "gene_name": "SNO-PTEN", "coordinates": [217, 141, 121, 18]}, {"normalized_coordinates": [[515, 144], [573, 144], [573, 166], [515, 166]], "gene_name": "PTEN", "coordinates": [515, 144, 58, 22]}, {"normalized_coordinates": [[150, 146], [183, 146], [183, 157], [150, 157]], "gene_name": "CYS83", "coordinates": [150, 146, 33, 11]}, {"normalized_coordinates": [[260, 252], [308, 252], [308, 268], [260, 268]], "gene_name": "AKT", "coordinates": [260, 252, 48, 16]}, {"normalized_coordinates": [[246, 369], [317, 369], [317, 386], [246, 386]], "gene_name": "MTOR", "coordinates": [246, 369, 71, 17]}, {"normalized_coordinates": [[265, 404], [304, 404], [304, 460], [265, 460]], "gene_name": "I.", "coordinates": [265, 404, 39, 56]}, {"normalized_coordinates": [[227, 492], [357, 492], [357, 516], [227, 516]], "gene_name": "AUTOPHAGY", "coordinates": [227, 492, 130, 24]}, {"normalized_coordinates": [[296, 576], [306, 576], [306, 609], [296, 609]], "gene_name": "2.", "coordinates": [296, 576, 10, 33]}]