[{"image_size": [1013, 787]}, {"normalized_coordinates": [[250, 37], [306, 37], [306, 62], [250, 62]], "gene_name": "CH3", "coordinates": [250, 37, 56, 25]}, {"normalized_coordinates": [[256, 110], [281, 110], [281, 129], [256, 129]], "gene_name": "CI", "coordinates": [256, 110, 25, 19]}, {"normalized_coordinates": [[139, 145], [174, 145], [174, 168], [139, 168]], "gene_name": "OH", "coordinates": [139, 145, 35, 23]}, {"normalized_coordinates": [[195, 147], [212, 147], [212, 166], [195, 166]], "gene_name": "O", "coordinates": [195, 147, 17, 19]}, {"normalized_coordinates": [[151, 182], [237, 182], [237, 206], [151, 206]], "gene_name": "CHPL", "coordinates": [151, 182, 86, 24]}, {"normalized_coordinates": [[121, 342], [255, 342], [255, 379], [121, 379]], "gene_name": "MEK1MEK2", "coordinates": [121, 342, 134, 37]}, {"normalized_coordinates": [[438, 395], [511, 395], [511, 417], [438, 417]], "gene_name": "MCL-1", "coordinates": [438, 395, 73, 22]}, {"normalized_coordinates": [[637, 400], [691, 400], [691, 422], [637, 422]], "gene_name": "BAX", "coordinates": [637, 400, 54, 22]}, {"normalized_coordinates": [[445, 474], [517, 474], [517, 497], [445, 497]], "gene_name": "BCL-2", "coordinates": [445, 474, 72, 23]}, {"normalized_coordinates": [[636, 475], [691, 475], [691, 497], [636, 497]], "gene_name": "BAK", "coordinates": [636, 475, 55, 22]}, {"normalized_coordinates": [[146, 494], [250, 494], [250, 529], [146, 529]], "gene_name": "ERK1ERK2", "coordinates": [146, 494, 104, 35]}, {"normalized_coordinates": [[256, 753], [427, 753], [427, 788], [256, 788]], "gene_name": "CYTOCHROME C", "coordinates": [256, 753, 171, 35]}, {"normalized_coordinates": [[437, 766], [449, 766], [449, 782], [437, 782]], "gene_name": "C", "coordinates": [437, 766, 12, 16]}, {"normalized_coordinates": [[1, 833], [140, 833], [140, 862], [1, 862]], "gene_name": "CASPASE", "coordinates": [1, 833, 139, 29]}, {"normalized_coordinates": [[152, 834], [309, 834], [309, 857], [152, 857]], "gene_name": "ACTIVATION", "coordinates": [152, 834, 157, 23]}, {"normalized_coordinates": [[42, 988], [99, 988], [99, 1012], [42, 1012]], "gene_name": "CELL", "coordinates": [42, 988, 57, 24]}, {"normalized_coordinates": [[115, 988], [204, 988], [204, 1012], [115, 1012]], "gene_name": "DEATH", "coordinates": [115, 988, 89, 24]}]