[{"image_size": [492, 768]}, {"normalized_coordinates": [[406, 11], [419, 11], [419, 19], [406, 19]], "gene_name": "IL6", "coordinates": [406, 11, 13, 8]}, {"normalized_coordinates": [[455, 9], [468, 9], [468, 15], [455, 15]], "gene_name": "IL6", "coordinates": [455, 9, 13, 6]}, {"normalized_coordinates": [[638, 22], [652, 22], [652, 28], [638, 28]], "gene_name": "IL6", "coordinates": [638, 22, 14, 6]}, {"normalized_coordinates": [[459, 106], [479, 106], [479, 113], [459, 113]], "gene_name": "ILGR", "coordinates": [459, 106, 20, 7]}, {"normalized_coordinates": [[423, 176], [478, 176], [478, 193], [423, 193]], "gene_name": "TRYPTOPHAN", "coordinates": [423, 176, 55, 17]}, {"normalized_coordinates": [[290, 211], [332, 211], [332, 223], [290, 223]], "gene_name": "P-STAT3", "coordinates": [290, 211, 42, 12]}, {"normalized_coordinates": [[451, 233], [473, 233], [473, 245], [451, 245]], "gene_name": "IDO1", "coordinates": [451, 233, 22, 12]}, {"normalized_coordinates": [[510, 244], [575, 244], [575, 259], [510, 259]], "gene_name": "KYNURENINE", "coordinates": [510, 244, 65, 15]}, {"normalized_coordinates": [[129, 285], [169, 285], [169, 292], [129, 292]], "gene_name": "INVASION", "coordinates": [129, 285, 40, 7]}, {"normalized_coordinates": [[11, 288], [57, 288], [57, 297], [11, 297]], "gene_name": "MIGRATION", "coordinates": [11, 288, 46, 9]}, {"normalized_coordinates": [[77, 288], [96, 288], [96, 295], [77, 295]], "gene_name": "EMT", "coordinates": [77, 288, 19, 7]}, {"normalized_coordinates": [[225, 373], [272, 373], [272, 387], [225, 387]], "gene_name": "P-STAT", "coordinates": [225, 373, 47, 14]}, {"normalized_coordinates": [[93, 374], [119, 374], [119, 380], [93, 380]], "gene_name": "PD-L1", "coordinates": [93, 374, 26, 6]}, {"normalized_coordinates": [[339, 379], [365, 379], [365, 386], [339, 386]], "gene_name": "IDO1", "coordinates": [339, 379, 26, 7]}, {"normalized_coordinates": [[418, 379], [437, 379], [437, 392], [418, 392]], "gene_name": "IL6", "coordinates": [418, 379, 19, 13]}]