{"11":{"image_id":40,"file_name":"validation\\img\/PMC6322368__medscimonit-24-9413-g008.jpg","category_id":0,"bbox":[532.2448730469,230.9145202637,15.1636962891,51.6867675781],"normalized_bbox":[[532,230],[547,230],[547,282],[532,282]],"startor":"PKC","relation_category":null,"receptor":"IKB"},"12":{"image_id":40,"file_name":"validation\\img\/PMC6322368__medscimonit-24-9413-g008.jpg","category_id":0,"bbox":[157.0737609863,231.5937042236,49.8383789062,40.0311126709],"normalized_bbox":[[157,231],[206,231],[206,271],[157,271]],"startor":"CA","relation_category":null,"receptor":"CA"},"13":{"image_id":40,"file_name":"validation\\img\/PMC6322368__medscimonit-24-9413-g008.jpg","category_id":0,"bbox":[222.1625823975,130.0659790039,46.131729126,67.1954956055],"normalized_bbox":[[222,130],[268,130],[268,197],[222,197]],"startor":"ORAIL","relation_category":null,"receptor":"CA"}}