{"12":{"image_id":41,"file_name":"validation\\img\/PMC6451008__41419_2019_1542_Fig1_HTML.jpg","category_id":0,"bbox":[272.5510253906,297.1817321777,23.8773193359,53.6319274902],"normalized_bbox":[[272,297],[296,297],[296,350],[272,350]],"startor":"AKT","relation_category":null,"receptor":"MTOR"},"13":{"image_id":41,"file_name":"validation\\img\/PMC6451008__41419_2019_1542_Fig1_HTML.jpg","category_id":0,"bbox":[273.1241149902,176.5051269531,21.9877624512,53.3379058838],"normalized_bbox":[[273,176],[295,176],[295,229],[273,229]],"startor":"SNO-PTEN","relation_category":null,"receptor":"AKT"},"14":{"image_id":41,"file_name":"validation\\img\/PMC6451008__41419_2019_1542_Fig1_HTML.jpg","category_id":2,"bbox":[260.4907226562,405.0548400879,47.4803161621,60.1538696289],"normalized_bbox":[[260,405],[307,405],[307,465],[260,465]],"startor":"MTOR","relation_category":null,"receptor":"I."},"15":{"image_id":41,"file_name":"validation\\img\/PMC6451008__41419_2019_1542_Fig1_HTML.jpg","category_id":0,"bbox":[152.8874206543,605.2924804688,64.3722991943,22.168762207],"normalized_bbox":[[152,605],[217,605],[217,627],[152,627]],"startor":"AUTOPHAGY","relation_category":null,"receptor":"2."},"16":{"image_id":41,"file_name":"validation\\img\/PMC6451008__41419_2019_1542_Fig1_HTML.jpg","category_id":0,"bbox":[363.3069458008,602.927734375,62.9300537109,21.3995361328],"normalized_bbox":[[363,602],[426,602],[426,624],[363,624]],"startor":"AUTOPHAGY","relation_category":null,"receptor":"2."},"17":{"image_id":41,"file_name":"validation\\img\/PMC6451008__41419_2019_1542_Fig1_HTML.jpg","category_id":0,"bbox":[368.2842102051,137.0624084473,92.2781066895,23.2700042725],"normalized_bbox":[[368,137],[460,137],[460,160],[368,160]],"startor":"PDZ","relation_category":null,"receptor":"NO"},"18":{"image_id":41,"file_name":"validation\\img\/PMC6451008__41419_2019_1542_Fig1_HTML.jpg","category_id":0,"bbox":[366.3066101074,0.0,167.8863220215,69.111114502],"normalized_bbox":[[366,0],[534,0],[534,69],[366,69]],"startor":"NOS1","relation_category":null,"receptor":"NO"}}