[{"image_size": [713, 660]}, {"normalized_coordinates": [[221, 3], [412, 3], [412, 42], [221, 42]], "gene_name": "HEDGEHOG", "coordinates": [221, 3, 191, 39]}, {"normalized_coordinates": [[46, 52], [89, 52], [89, 81], [46, 81]], "gene_name": "HH", "coordinates": [46, 52, 43, 29]}, {"normalized_coordinates": [[434, 113], [527, 113], [527, 144], [434, 144]], "gene_name": "SMO", "coordinates": [434, 113, 93, 31]}, {"normalized_coordinates": [[110, 163], [230, 163], [230, 194], [110, 194]], "gene_name": "PTCHI", "coordinates": [110, 163, 120, 31]}, {"normalized_coordinates": [[117, 423], [163, 423], [163, 454], [117, 454]], "gene_name": "GLI", "coordinates": [117, 423, 46, 31]}, {"normalized_coordinates": [[434, 424], [526, 424], [526, 457], [434, 457]], "gene_name": "GLIACT", "coordinates": [434, 424, 92, 33]}, {"normalized_coordinates": [[251, 653], [283, 653], [283, 664], [251, 664]], "gene_name": "GLIACT", "coordinates": [251, 653, 32, 11]}, {"normalized_coordinates": [[230, 675], [439, 675], [439, 695], [230, 695]], "gene_name": "0000000000O", "coordinates": [230, 675, 209, 20]}]