{"13":{"image_id":3,"file_name":"validation\\img\/PMC2988105__nihms224319f6.jpg","category_id":0,"bbox":[584.0364379883,197.7274932861,48.362121582,44.6849060059],"normalized_bbox":[[584,197],[632,197],[632,242],[584,242]],"startor":"ATM","relation_category":null,"receptor":"SER15"},"14":{"image_id":3,"file_name":"validation\\img\/PMC2988105__nihms224319f6.jpg","category_id":0,"bbox":[287.9444274902,203.9467773438,62.9138793945,41.7425689697],"normalized_bbox":[[287,203],[350,203],[350,245],[287,245]],"startor":" NAG-1","relation_category":null,"receptor":"PKC8"},"15":{"image_id":3,"file_name":"validation\\img\/PMC2988105__nihms224319f6.jpg","category_id":0,"bbox":[302.7699584961,124.3165588379,90.0036315918,46.2559204102],"normalized_bbox":[[302,124],[392,124],[392,170],[302,170]],"startor":"OH","relation_category":null,"receptor":"PKC8"},"16":{"image_id":3,"file_name":"validation\\img\/PMC2988105__nihms224319f6.jpg","category_id":2,"bbox":[154.936126709,313.5099487305,75.4008789062,134.3087158203],"normalized_bbox":[[154,313],[230,313],[230,447],[154,447]],"startor":"P21","relation_category":null,"receptor":"PROLIFERATION"},"17":{"image_id":3,"file_name":"validation\\img\/PMC2988105__nihms224319f6.jpg","category_id":0,"bbox":[422.5762634277,124.2078094482,110.6098937988,44.2787017822],"normalized_bbox":[[422,124],[533,124],[533,168],[422,168]],"startor":"O","relation_category":null,"receptor":"ATM"},"18":{"image_id":3,"file_name":"validation\\img\/PMC2988105__nihms224319f6.jpg","category_id":0,"bbox":[140.7679290771,189.1813049316,112.3889465332,64.1929168701],"normalized_bbox":[[140,189],[253,189],[253,253],[140,253]],"startor":"PKC8","relation_category":null,"receptor":"P21"},"19":{"image_id":3,"file_name":"validation\\img\/PMC2988105__nihms224319f6.jpg","category_id":0,"bbox":[402.128112793,292.1985168457,93.7663269043,144.324432373],"normalized_bbox":[[402,292],[495,292],[495,436],[402,436]],"startor":" NAG-1","relation_category":null,"receptor":"APOPTOSIS"},"20":{"image_id":3,"file_name":"validation\\img\/PMC2988105__nihms224319f6.jpg","category_id":0,"bbox":[551.6265869141,234.5238647461,15.3831176758,36.7493286133],"normalized_bbox":[[551,234],[567,234],[567,271],[551,271]],"startor":"SER15","relation_category":null,"receptor":"\u2191"},"21":{"image_id":3,"file_name":"validation\\img\/PMC2988105__nihms224319f6.jpg","category_id":0,"bbox":[536.6697387695,299.7582397461,98.6945800781,153.428527832],"normalized_bbox":[[536,299],[635,299],[635,453],[536,453]],"startor":"\u2191","relation_category":null,"receptor":"APOPTOSIS"},"22":{"image_id":3,"file_name":"validation\\img\/PMC2988105__nihms224319f6.jpg","category_id":2,"bbox":[536.3487548828,300.7781066895,98.5251464844,152.5407104492],"normalized_bbox":[[536,300],[634,300],[634,453],[536,453]],"startor":"P53","relation_category":null,"receptor":"APOPTOSIS"}}