{"18":{"image_id":5,"file_name":"validation\\img\/PMC3068308__PRI2011-620601.004.jpg","category_id":2,"bbox":[142.0070648193,208.1694488525,32.5715332031,15.9053955078],"normalized_bbox":[[142,208],[174,208],[174,224],[142,224]],"startor":"BEL-X(L)","relation_category":null,"receptor":"COMPLEX"},"19":{"image_id":5,"file_name":"validation\\img\/PMC3068308__PRI2011-620601.004.jpg","category_id":2,"bbox":[142.2479553223,180.2310180664,31.6167907715,16.2225952148],"normalized_bbox":[[142,180],[173,180],[173,196],[142,196]],"startor":"BEL-X(L)","relation_category":null,"receptor":"BEL2"},"20":{"image_id":5,"file_name":"validation\\img\/PMC3068308__PRI2011-620601.004.jpg","category_id":0,"bbox":[131.1343688965,321.8653869629,10.7807312012,31.0093994141],"normalized_bbox":[[131,321],[141,321],[141,352],[131,352]],"startor":"CASPASES-3","relation_category":null,"receptor":"APOPTOSIS"},"21":{"image_id":5,"file_name":"validation\\img\/PMC3068308__PRI2011-620601.004.jpg","category_id":0,"bbox":[227.3714294434,192.945022583,43.8915405273,22.3176116943],"normalized_bbox":[[227,192],[271,192],[271,215],[227,215]],"startor":"NF\u00abB","relation_category":null,"receptor":"BEL-X(L)"},"22":{"image_id":5,"file_name":"validation\\img\/PMC3068308__PRI2011-620601.004.jpg","category_id":2,"bbox":[228.9435119629,304.9942321777,35.507232666,18.2312011719],"normalized_bbox":[[228,304],[264,304],[264,323],[228,323]],"startor":"7","relation_category":null,"receptor":"IAPS"},"23":{"image_id":5,"file_name":"validation\\img\/PMC3068308__PRI2011-620601.004.jpg","category_id":0,"bbox":[130.4582977295,257.8095397949,12.3584899902,46.5535583496],"normalized_bbox":[[130,257],[142,257],[142,304],[130,304]],"startor":"APOPTOSOME","relation_category":null,"receptor":"CASPASES-3"},"25":{"image_id":5,"file_name":"validation\\img\/PMC3068308__PRI2011-620601.004.jpg","category_id":0,"bbox":[313.6442260742,183.318145752,51.8139343262,11.7057647705],"normalized_bbox":[[313,183],[365,183],[365,195],[313,195]],"startor":" AKT","relation_category":null,"receptor":"NF\u00abB"},"26":{"image_id":5,"file_name":"validation\\img\/PMC3068308__PRI2011-620601.004.jpg","category_id":0,"bbox":[372.5818481445,134.0624389648,11.205291748,45.1151885986],"normalized_bbox":[[372,134],[383,134],[383,179],[372,179]],"startor":" AKT","relation_category":null,"receptor":" AKT"}}