{"22":{"image_id":7,"file_name":"validation\\img\/PMC3233205__nihms323230f1.jpg","category_id":0,"bbox":[195.5474243164,788.5464477539,69.7200927734,68.1568603516],"normalized_bbox":[[195,788],[265,788],[265,856],[195,856]],"startor":"ERK1ERK2","relation_category":null,"receptor":"7"},"23":{"image_id":7,"file_name":"validation\\img\/PMC3233205__nihms323230f1.jpg","category_id":0,"bbox":[81.1409835815,584.7219238281,22.1381912231,54.2743530273],"normalized_bbox":[[81,584],[103,584],[103,638],[81,638]],"startor":"RAF","relation_category":null,"receptor":"MEK2MEK1"},"24":{"image_id":7,"file_name":"validation\\img\/PMC3233205__nihms323230f1.jpg","category_id":0,"bbox":[112.4646148682,685.7111816406,50.2100372314,62.9510498047],"normalized_bbox":[[112,685],[162,685],[162,748],[112,748]],"startor":"MEK2MEK1","relation_category":null,"receptor":"6"},"25":{"image_id":7,"file_name":"validation\\img\/PMC3233205__nihms323230f1.jpg","category_id":0,"bbox":[353.124420166,266.0633544922,62.0144042969,65.0609741211],"normalized_bbox":[[353,266],[415,266],[415,331],[353,331]],"startor":"4","relation_category":null,"receptor":" PKC"},"26":{"image_id":7,"file_name":"validation\\img\/PMC3233205__nihms323230f1.jpg","category_id":0,"bbox":[290.7830200195,371.2166748047,33.7272949219,62.5331726074],"normalized_bbox":[[290,371],[324,371],[324,433],[290,433]],"startor":"9","relation_category":null,"receptor":"PKA"},"27":{"image_id":7,"file_name":"validation\\img\/PMC3233205__nihms323230f1.jpg","category_id":0,"bbox":[392.6135559082,162.8369445801,34.5408630371,61.4703521729],"normalized_bbox":[[392,162],[427,162],[427,224],[392,224]],"startor":"PLCR","relation_category":null,"receptor":"4"},"28":{"image_id":7,"file_name":"validation\\img\/PMC3233205__nihms323230f1.jpg","category_id":0,"bbox":[303.162902832,476.2177734375,63.7125244141,63.6182250977],"normalized_bbox":[[303,476],[366,476],[366,539],[303,539]],"startor":"PKA","relation_category":null,"receptor":"10"},"29":{"image_id":7,"file_name":"validation\\img\/PMC3233205__nihms323230f1.jpg","category_id":0,"bbox":[400.5844726562,57.3125419617,68.7728881836,65.7323150635],"normalized_bbox":[[400,57],[469,57],[469,123],[400,123]],"startor":"5","relation_category":null,"receptor":"PLCR"},"30":{"image_id":7,"file_name":"validation\\img\/PMC3233205__nihms323230f1.jpg","category_id":0,"bbox":[158.2873687744,477.0743408203,106.5703887939,254.9923706055],"normalized_bbox":[[158,477],[264,477],[264,732],[158,732]],"startor":"8","relation_category":null,"receptor":"ERK1ERK2"},"31":{"image_id":7,"file_name":"validation\\img\/PMC3233205__nihms323230f1.jpg","category_id":0,"bbox":[349.0004882812,362.3589782715,168.4135742188,177.7043151855],"normalized_bbox":[[349,362],[517,362],[517,540],[349,540]],"startor":" PKC","relation_category":null,"receptor":"11"},"32":{"image_id":7,"file_name":"validation\\img\/PMC3233205__nihms323230f1.jpg","category_id":0,"bbox":[435.7839355469,69.79347229,48.3999328613,152.5458526611],"normalized_bbox":[[435,69],[484,69],[484,222],[435,222]],"startor":"5","relation_category":null,"receptor":"PIP2"},"33":{"image_id":7,"file_name":"validation\\img\/PMC3233205__nihms323230f1.jpg","category_id":0,"bbox":[327.0004577637,162.1130828857,50.3017578125,162.9632110596],"normalized_bbox":[[327,162],[377,162],[377,325],[327,325]],"startor":"3","relation_category":null,"receptor":" PKC"},"34":{"image_id":7,"file_name":"validation\\img\/PMC3233205__nihms323230f1.jpg","category_id":0,"bbox":[120.4005889893,476.2155761719,134.2467651367,64.8913574219],"normalized_bbox":[[120,476],[254,476],[254,541],[120,541]],"startor":"8","relation_category":null,"receptor":"RAF"},"35":{"image_id":7,"file_name":"validation\\img\/PMC3233205__nihms323230f1.jpg","category_id":0,"bbox":[118.997505188,483.1405029297,139.3992004395,166.3993530273],"normalized_bbox":[[118,483],[258,483],[258,649],[118,649]],"startor":"8","relation_category":null,"receptor":"MEK2MEK1"},"36":{"image_id":7,"file_name":"validation\\img\/PMC3233205__nihms323230f1.jpg","category_id":0,"bbox":[11.0067644119,562.8402099609,58.5830955505,85.9742431641],"normalized_bbox":[[11,562],[69,562],[69,648],[11,648]],"startor":"1","relation_category":null,"receptor":" 2"},"37":{"image_id":7,"file_name":"validation\\img\/PMC3233205__nihms323230f1.jpg","category_id":0,"bbox":[376.1773681641,490.3996887207,123.637298584,52.3305969238],"normalized_bbox":[[376,490],[499,490],[499,542],[376,542]],"startor":"10","relation_category":null,"receptor":"11"},"38":{"image_id":7,"file_name":"validation\\img\/PMC3233205__nihms323230f1.jpg","category_id":0,"bbox":[81.4477996826,348.7514343262,212.3727874756,198.4305725098],"normalized_bbox":[[81,348],[293,348],[293,547],[81,547]],"startor":"9","relation_category":null,"receptor":"RAF"},"39":{"image_id":7,"file_name":"validation\\img\/PMC3233205__nihms323230f1.jpg","category_id":0,"bbox":[178.9629211426,558.0231933594,63.3681182861,186.2322998047],"normalized_bbox":[[178,558],[242,558],[242,744],[178,744]],"startor":"RAF","relation_category":null,"receptor":"ERK1ERK2"},"40":{"image_id":7,"file_name":"validation\\img\/PMC3233205__nihms323230f1.jpg","category_id":0,"bbox":[126.0816116333,412.7461547852,149.0594177246,190.893371582],"normalized_bbox":[[126,412],[275,412],[275,603],[126,603]],"startor":"8","relation_category":null,"receptor":"RAF"}}