[{"image_size": [336, 600]}, {"normalized_coordinates": [[507, 37], [551, 37], [551, 44], [507, 44]], "gene_name": "INHIBITION", "coordinates": [507, 37, 44, 7]}, {"normalized_coordinates": [[506, 56], [551, 56], [551, 64], [506, 64]], "gene_name": "ACTIVATION", "coordinates": [506, 56, 45, 8]}, {"normalized_coordinates": [[55, 77], [76, 77], [76, 84], [55, 84]], "gene_name": "MET", "coordinates": [55, 77, 21, 7]}, {"normalized_coordinates": [[498, 75], [559, 75], [559, 83], [498, 83]], "gene_name": "TRANSLOCATION", "coordinates": [498, 75, 61, 8]}, {"normalized_coordinates": [[181, 143], [190, 143], [190, 151], [181, 151]], "gene_name": "1", "coordinates": [181, 143, 9, 8]}, {"normalized_coordinates": [[257, 143], [260, 143], [260, 150], [257, 150]], "gene_name": "1", "coordinates": [257, 143, 3, 7]}, {"normalized_coordinates": [[321, 168], [342, 168], [342, 176], [321, 176]], "gene_name": "PI3K", "coordinates": [321, 168, 21, 8]}, {"normalized_coordinates": [[356, 163], [374, 163], [374, 179], [356, 179]], "gene_name": " P85", "coordinates": [356, 163, 18, 16]}, {"normalized_coordinates": [[121, 177], [142, 177], [142, 185], [121, 185]], "gene_name": "PI3K", "coordinates": [121, 177, 21, 8]}, {"normalized_coordinates": [[156, 172], [178, 172], [178, 188], [156, 188]], "gene_name": " P85", "coordinates": [156, 172, 22, 16]}, {"normalized_coordinates": [[198, 192], [219, 192], [219, 198], [198, 198]], "gene_name": "TKIS", "coordinates": [198, 192, 21, 6]}, {"normalized_coordinates": [[265, 188], [289, 188], [289, 199], [265, 199]], "gene_name": "TKIS", "coordinates": [265, 188, 24, 11]}, {"normalized_coordinates": [[133, 245], [158, 245], [158, 251], [133, 251]], "gene_name": " AKT", "coordinates": [133, 245, 25, 6]}, {"normalized_coordinates": [[517, 243], [521, 243], [521, 252], [517, 252]], "gene_name": " B", "coordinates": [517, 243, 4, 9]}, {"normalized_coordinates": [[136, 255], [156, 255], [156, 265], [136, 265]], "gene_name": "PKB", "coordinates": [136, 255, 20, 10]}, {"normalized_coordinates": [[387, 263], [410, 263], [410, 270], [387, 270]], "gene_name": " AKT", "coordinates": [387, 263, 23, 7]}, {"normalized_coordinates": [[387, 272], [410, 272], [410, 283], [387, 283]], "gene_name": "PKB", "coordinates": [387, 272, 23, 11]}, {"normalized_coordinates": [[127, 305], [138, 305], [138, 314], [127, 314]], "gene_name": "(A)", "coordinates": [127, 305, 11, 9]}, {"normalized_coordinates": [[409, 305], [421, 305], [421, 314], [409, 314]], "gene_name": " B", "coordinates": [409, 305, 12, 9]}]