[{"image_size": [989, 787]}, {"normalized_coordinates": [[329, 29], [451, 29], [451, 56], [329, 56]], "gene_name": "ASTROCYTE", "coordinates": [329, 29, 122, 27]}, {"normalized_coordinates": [[349, 88], [428, 88], [428, 112], [349, 112]], "gene_name": "APOE3", "coordinates": [349, 88, 79, 24]}, {"normalized_coordinates": [[166, 113], [243, 113], [243, 138], [166, 138]], "gene_name": "APOER2", "coordinates": [166, 113, 77, 25]}, {"normalized_coordinates": [[474, 113], [553, 113], [553, 137], [474, 137]], "gene_name": "APOE4", "coordinates": [474, 113, 79, 24]}, {"normalized_coordinates": [[303, 271], [362, 271], [362, 290], [303, 290]], "gene_name": "LRP1", "coordinates": [303, 271, 59, 19]}, {"normalized_coordinates": [[258, 346], [325, 346], [325, 377], [258, 377]], "gene_name": "CYPA", "coordinates": [258, 346, 67, 31]}, {"normalized_coordinates": [[71, 364], [174, 364], [174, 389], [71, 389]], "gene_name": "PERICYTE", "coordinates": [71, 364, 103, 25]}, {"normalized_coordinates": [[347, 414], [412, 414], [412, 435], [347, 435]], "gene_name": "NFKB", "coordinates": [347, 414, 65, 21]}, {"normalized_coordinates": [[365, 504], [449, 504], [449, 525], [365, 525]], "gene_name": "MMP-9", "coordinates": [365, 504, 84, 21]}, {"normalized_coordinates": [[275, 593], [392, 593], [392, 618], [275, 618]], "gene_name": "BASEMENT", "coordinates": [275, 593, 117, 25]}, {"normalized_coordinates": [[477, 598], [534, 598], [534, 622], [477, 622]], "gene_name": "TIGHT", "coordinates": [477, 598, 57, 24]}, {"normalized_coordinates": [[460, 630], [550, 630], [550, 654], [460, 654]], "gene_name": "JUNCTION", "coordinates": [460, 630, 90, 24]}, {"normalized_coordinates": [[264, 662], [402, 662], [402, 692], [264, 692]], "gene_name": "DEGRADATION", "coordinates": [264, 662, 138, 30]}, {"normalized_coordinates": [[436, 662], [575, 662], [575, 692], [436, 692]], "gene_name": "DEGRADATION", "coordinates": [436, 662, 139, 30]}, {"normalized_coordinates": [[272, 631], [396, 631], [396, 651], [272, 651]], "gene_name": "MEMBRANE", "coordinates": [272, 631, 124, 20]}, {"normalized_coordinates": [[381, 737], [432, 737], [432, 757], [381, 757]], "gene_name": "BBB", "coordinates": [381, 737, 51, 20]}, {"normalized_coordinates": [[342, 770], [470, 770], [470, 789], [342, 789]], "gene_name": "BREAKDOWN", "coordinates": [342, 770, 128, 19]}, {"normalized_coordinates": [[354, 854], [458, 854], [458, 873], [354, 873]], "gene_name": "NEURONAL", "coordinates": [354, 854, 104, 19]}, {"normalized_coordinates": [[340, 885], [472, 885], [472, 915], [340, 915]], "gene_name": "DYSFUNCTION", "coordinates": [340, 885, 132, 30]}, {"normalized_coordinates": [[294, 963], [519, 963], [519, 987], [294, 987]], "gene_name": "NEURODEGENERATION", "coordinates": [294, 963, 225, 24]}]