{"19":{"image_id":6,"file_name":"validation\\img\/PMC3087811__nihms286343f8.jpg","category_id":2,"bbox":[300.976348877,184.0587615967,90.2027893066,81.6053924561],"normalized_bbox":[[300,184],[391,184],[391,265],[300,265]],"startor":"INK.P38","relation_category":null,"receptor":"FOXP3"},"20":{"image_id":6,"file_name":"validation\\img\/PMC3087811__nihms286343f8.jpg","category_id":0,"bbox":[18.4475669861,134.6532592773,57.874042511,58.427230835],"normalized_bbox":[[18,134],[76,134],[76,193],[18,193]],"startor":"TGF-B","relation_category":null,"receptor":"GP130"},"21":{"image_id":6,"file_name":"validation\\img\/PMC3087811__nihms286343f8.jpg","category_id":0,"bbox":[452.7989807129,289.0950622559,56.526550293,22.9767150879],"normalized_bbox":[[452,289],[509,289],[509,312],[452,312]],"startor":"FOXP3","relation_category":null,"receptor":"ITREG"},"22":{"image_id":6,"file_name":"validation\\img\/PMC3087811__nihms286343f8.jpg","category_id":0,"bbox":[169.195602417,133.8118438721,56.8015289307,22.6413269043],"normalized_bbox":[[169,133],[225,133],[225,156],[169,156]],"startor":"TGF-FR2","relation_category":null,"receptor":"SMAD"},"23":{"image_id":6,"file_name":"validation\\img\/PMC3087811__nihms286343f8.jpg","category_id":0,"bbox":[170.3340759277,290.2055664062,56.3657989502,21.7095336914],"normalized_bbox":[[170,290],[226,290],[226,311],[170,311]],"startor":"TGF-FRIAITGF-FRI","relation_category":null,"receptor":"SMAD"},"24":{"image_id":6,"file_name":"validation\\img\/PMC3087811__nihms286343f8.jpg","category_id":0,"bbox":[453.8264770508,133.4199523926,57.3575744629,23.4808959961],"normalized_bbox":[[453,133],[511,133],[511,156],[453,156]],"startor":"RORYT","relation_category":null,"receptor":"TH17"},"25":{"image_id":6,"file_name":"validation\\img\/PMC3087811__nihms286343f8.jpg","category_id":0,"bbox":[311.7493591309,290.5819396973,56.3053894043,21.2061767578],"normalized_bbox":[[311,290],[368,290],[368,311],[311,311]],"startor":"223","relation_category":null,"receptor":"FOXP3"},"26":{"image_id":6,"file_name":"validation\\img\/PMC3087811__nihms286343f8.jpg","category_id":0,"bbox":[19.6266613007,224.9024658203,57.7007293701,68.8822021484],"normalized_bbox":[[19,224],[77,224],[77,293],[19,293]],"startor":"TGF-FRIAITGF-FRI","relation_category":null,"receptor":"TGF-B"},"27":{"image_id":6,"file_name":"validation\\img\/PMC3087811__nihms286343f8.jpg","category_id":0,"bbox":[312.5742797852,133.9266357422,57.1040344238,22.527557373],"normalized_bbox":[[312,133],[369,133],[369,156],[312,156]],"startor":"7","relation_category":null,"receptor":"RORYT"},"28":{"image_id":6,"file_name":"validation\\img\/PMC3087811__nihms286343f8.jpg","category_id":2,"bbox":[397.0348815918,188.3583679199,21.3253173828,68.535369873],"normalized_bbox":[[397,188],[418,188],[418,256],[397,256]],"startor":"FOXP3","relation_category":null,"receptor":"RORYT"},"29":{"image_id":6,"file_name":"validation\\img\/PMC3087811__nihms286343f8.jpg","category_id":0,"bbox":[106.6058959961,20.5002498627,25.0356140137,40.0167541504],"normalized_bbox":[[106,20],[131,20],[131,60],[106,60]],"startor":"CD126","relation_category":null,"receptor":"IL-6"}}