[{"image_size": [852, 674]}, {"normalized_coordinates": [[277, 6], [394, 6], [394, 25], [277, 25]], "gene_name": "CADMIUM", "coordinates": [277, 6, 117, 19]}, {"normalized_coordinates": [[225, 92], [314, 92], [314, 126], [225, 126]], "gene_name": " ROS", "coordinates": [225, 92, 89, 34]}, {"normalized_coordinates": [[316, 92], [433, 92], [433, 127], [316, 127]], "gene_name": "GENERATION", "coordinates": [316, 92, 117, 35]}, {"normalized_coordinates": [[350, 188], [414, 188], [414, 206], [350, 206]], "gene_name": "MLST8", "coordinates": [350, 188, 64, 18]}, {"normalized_coordinates": [[277, 216], [383, 216], [383, 234], [277, 234]], "gene_name": "TORC1", "coordinates": [277, 216, 106, 18]}, {"normalized_coordinates": [[256, 250], [320, 250], [320, 272], [256, 272]], "gene_name": " RAPTOR", "coordinates": [256, 250, 64, 22]}, {"normalized_coordinates": [[62, 361], [133, 361], [133, 380], [62, 380]], "gene_name": " PERK", "coordinates": [62, 361, 71, 19]}, {"normalized_coordinates": [[305, 358], [363, 358], [363, 379], [305, 379]], "gene_name": "IRE1", "coordinates": [305, 358, 58, 21]}, {"normalized_coordinates": [[530, 362], [594, 362], [594, 380], [530, 380]], "gene_name": "ATF6", "coordinates": [530, 362, 64, 18]}, {"normalized_coordinates": [[216, 517], [271, 517], [271, 530], [216, 530]], "gene_name": "KINASE", "coordinates": [216, 517, 55, 13]}, {"normalized_coordinates": [[213, 533], [275, 533], [275, 552], [213, 552]], "gene_name": "DOMAIN", "coordinates": [213, 533, 62, 19]}, {"normalized_coordinates": [[363, 626], [417, 626], [417, 647], [363, 647]], "gene_name": "RNASE7", "coordinates": [363, 626, 54, 21]}, {"normalized_coordinates": [[361, 648], [421, 648], [421, 665], [361, 665]], "gene_name": "DOMAIN", "coordinates": [361, 648, 60, 17]}, {"normalized_coordinates": [[178, 701], [222, 701], [222, 718], [178, 718]], "gene_name": "JNK", "coordinates": [178, 701, 44, 17]}, {"normalized_coordinates": [[412, 699], [520, 699], [520, 731], [412, 731]], "gene_name": "XBP1(S)", "coordinates": [412, 699, 108, 32]}, {"normalized_coordinates": [[250, 807], [422, 807], [422, 843], [250, 843]], "gene_name": "APOPTOSIS", "coordinates": [250, 807, 172, 36]}]