[{"image_size": [367, 465]}, {"normalized_coordinates": [[195, 4], [236, 4], [236, 13], [195, 13]], "gene_name": "APOPTOSIS", "coordinates": [195, 4, 41, 9]}, {"normalized_coordinates": [[240, 3], [277, 3], [277, 13], [240, 13]], "gene_name": "SIGNALING", "coordinates": [240, 3, 37, 10]}, {"normalized_coordinates": [[102, 96], [166, 96], [166, 103], [102, 103]], "gene_name": "MITOCHONDRION", "coordinates": [102, 96, 64, 7]}, {"normalized_coordinates": [[371, 121], [384, 121], [384, 128], [371, 128]], "gene_name": " AKT", "coordinates": [371, 121, 13, 7]}, {"normalized_coordinates": [[431, 150], [450, 150], [450, 157], [431, 157]], "gene_name": "PI3K", "coordinates": [431, 150, 19, 7]}, {"normalized_coordinates": [[183, 183], [199, 183], [199, 192], [183, 192]], "gene_name": "BEL2", "coordinates": [183, 183, 16, 9]}, {"normalized_coordinates": [[280, 185], [303, 185], [303, 192], [280, 192]], "gene_name": "NF\u00abB", "coordinates": [280, 185, 23, 7]}, {"normalized_coordinates": [[371, 185], [384, 185], [384, 192], [371, 192]], "gene_name": " AKT", "coordinates": [371, 185, 13, 7]}, {"normalized_coordinates": [[49, 195], [82, 195], [82, 202], [49, 202]], "gene_name": "BAXBAK", "coordinates": [49, 195, 33, 7]}, {"normalized_coordinates": [[178, 212], [224, 212], [224, 225], [178, 225]], "gene_name": "BEL-X(L)", "coordinates": [178, 212, 46, 13]}, {"normalized_coordinates": [[90, 248], [143, 248], [143, 257], [90, 257]], "gene_name": "APOPTOSOME", "coordinates": [90, 248, 53, 9]}, {"normalized_coordinates": [[147, 247], [182, 247], [182, 256], [147, 256]], "gene_name": "COMPLEX", "coordinates": [147, 247, 35, 9]}, {"normalized_coordinates": [[79, 310], [129, 310], [129, 316], [79, 316]], "gene_name": "EXECUTIONER", "coordinates": [79, 310, 50, 6]}, {"normalized_coordinates": [[133, 310], [178, 310], [178, 319], [133, 319]], "gene_name": "CASPASES-3", "coordinates": [133, 310, 45, 9]}, {"normalized_coordinates": [[182, 310], [188, 310], [188, 317], [182, 317]], "gene_name": "6", "coordinates": [182, 310, 6, 7]}, {"normalized_coordinates": [[192, 310], [195, 310], [195, 316], [192, 316]], "gene_name": "7", "coordinates": [192, 310, 3, 6]}, {"normalized_coordinates": [[273, 310], [291, 310], [291, 316], [273, 316]], "gene_name": "IAPS", "coordinates": [273, 310, 18, 6]}, {"normalized_coordinates": [[117, 356], [158, 356], [158, 365], [117, 365]], "gene_name": "APOPTOSIS", "coordinates": [117, 356, 41, 9]}]