[{"image_size": [485, 600]}, {"normalized_coordinates": [[253, 0], [363, 0], [363, 20], [253, 20]], "gene_name": "RADIATION", "coordinates": [253, 0, 110, 20]}, {"normalized_coordinates": [[290, 109], [324, 109], [324, 122], [290, 122]], "gene_name": " ROS", "coordinates": [290, 109, 34, 13]}, {"normalized_coordinates": [[452, 105], [530, 105], [530, 128], [452, 128]], "gene_name": "PPARS", "coordinates": [452, 105, 78, 23]}, {"normalized_coordinates": [[9, 188], [96, 188], [96, 214], [9, 214]], "gene_name": "PPARS", "coordinates": [9, 188, 87, 26]}, {"normalized_coordinates": [[168, 193], [218, 193], [218, 208], [168, 208]], "gene_name": " NF-KB1", "coordinates": [168, 193, 50, 15]}, {"normalized_coordinates": [[369, 196], [471, 196], [471, 213], [369, 213]], "gene_name": "MEKPKCA", "coordinates": [369, 196, 102, 17]}, {"normalized_coordinates": [[479, 196], [519, 196], [519, 214], [479, 214]], "gene_name": "ERK", "coordinates": [479, 196, 40, 18]}, {"normalized_coordinates": [[526, 198], [565, 198], [565, 210], [526, 210]], "gene_name": " AP-1", "coordinates": [526, 198, 39, 12]}, {"normalized_coordinates": [[166, 278], [206, 278], [206, 295], [166, 295]], "gene_name": " IL-1B", "coordinates": [166, 278, 40, 17]}, {"normalized_coordinates": [[343, 286], [395, 286], [395, 302], [343, 302]], "gene_name": "COX8-2", "coordinates": [343, 286, 52, 16]}, {"normalized_coordinates": [[403, 286], [464, 286], [464, 302], [403, 302]], "gene_name": " MCP-1", "coordinates": [403, 286, 61, 16]}, {"normalized_coordinates": [[472, 285], [517, 285], [517, 303], [472, 303]], "gene_name": " IL-1B", "coordinates": [472, 285, 45, 18]}, {"normalized_coordinates": [[525, 286], [577, 286], [577, 299], [525, 299]], "gene_name": "TNF-A", "coordinates": [525, 286, 52, 13]}, {"normalized_coordinates": [[195, 410], [381, 410], [381, 427], [195, 427]], "gene_name": "NEURO-INFLAMMATION", "coordinates": [195, 410, 186, 17]}]