{"21":{"image_id":20,"file_name":"validation\\img\/PMC4061041__pone.0099983.g006.jpg","category_id":0,"bbox":[338.2596130371,482.2752380371,25.8297729492,50.2110290527],"normalized_bbox":[[338,482],[364,482],[364,532],[338,532]],"startor":"PATHWAY","relation_category":null,"receptor":"IGF1R"},"22":{"image_id":20,"file_name":"validation\\img\/PMC4061041__pone.0099983.g006.jpg","category_id":0,"bbox":[335.9268188477,591.4290161133,30.6303100586,52.8686523438],"normalized_bbox":[[335,591],[366,591],[366,644],[335,644]],"startor":"PATHWAY","relation_category":null,"receptor":"EGR-1"},"23":{"image_id":20,"file_name":"validation\\img\/PMC4061041__pone.0099983.g006.jpg","category_id":0,"bbox":[335.9219360352,376.2900390625,30.4887390137,50.4446411133],"normalized_bbox":[[335,376],[366,376],[366,426],[335,426]],"startor":"IGF-1","relation_category":null,"receptor":"IGF1R"},"24":{"image_id":20,"file_name":"validation\\img\/PMC4061041__pone.0099983.g006.jpg","category_id":0,"bbox":[336.7342529297,272.5973510742,28.9217529297,48.6117553711],"normalized_bbox":[[336,272],[365,272],[365,321],[336,321]],"startor":"ATM","relation_category":null,"receptor":"IGF-1"},"25":{"image_id":20,"file_name":"validation\\img\/PMC4061041__pone.0099983.g006.jpg","category_id":0,"bbox":[337.2862854004,698.5745849609,29.9034118652,50.630859375],"normalized_bbox":[[337,698],[367,698],[367,749],[337,749]],"startor":"EGR-1","relation_category":null,"receptor":"SCLU"},"26":{"image_id":20,"file_name":"validation\\img\/PMC4061041__pone.0099983.g006.jpg","category_id":2,"bbox":[205.2437133789,218.2090148926,78.8978271484,48.6497497559],"normalized_bbox":[[205,218],[284,218],[284,266],[205,266]],"startor":"AAI","relation_category":null,"receptor":"H"},"27":{"image_id":20,"file_name":"validation\\img\/PMC4061041__pone.0099983.g006.jpg","category_id":2,"bbox":[177.7142333984,429.7602233887,76.5162506104,50.0822753906],"normalized_bbox":[[177,429],[254,429],[254,479],[177,479]],"startor":"AG1024","relation_category":null,"receptor":"H"},"28":{"image_id":20,"file_name":"validation\\img\/PMC4061041__pone.0099983.g006.jpg","category_id":0,"bbox":[354.1170959473,134.670715332,179.8309631348,133.9545593262],"normalized_bbox":[[354,134],[533,134],[533,268],[354,268]],"startor":"ATM","relation_category":null,"receptor":"CELLULAR"},"29":{"image_id":20,"file_name":"validation\\img\/PMC4061041__pone.0099983.g006.jpg","category_id":0,"bbox":[339.9341125488,137.9696960449,23.0000305176,70.9646606445],"normalized_bbox":[[339,137],[362,137],[362,208],[339,208]],"startor":" DAMAGE","relation_category":null,"receptor":"ATM"}}