{"17":{"image_id":24,"file_name":"validation\\img\/PMC4826221__oncotarget-07-4490-g009.jpg","category_id":2,"bbox":[370.8898010254,292.1543884277,20.7057495117,45.9010620117],"normalized_bbox":[[370,292],[391,292],[391,338],[370,338]],"startor":"P-CHK1","relation_category":null,"receptor":"CDC25C"},"18":{"image_id":24,"file_name":"validation\\img\/PMC4826221__oncotarget-07-4490-g009.jpg","category_id":2,"bbox":[218.5520172119,28.7586956024,85.8761138916,68.2332382202],"normalized_bbox":[[218,28],[304,28],[304,96],[218,96]],"startor":" NAC","relation_category":null,"receptor":"GL"},"19":{"image_id":24,"file_name":"validation\\img\/PMC4826221__oncotarget-07-4490-g009.jpg","category_id":2,"bbox":[459.6840209961,148.813949585,51.5426940918,20.1491699219],"normalized_bbox":[[459,148],[511,148],[511,168],[459,168]],"startor":"UCN-01","relation_category":null,"receptor":"CAFFEINE"},"20":{"image_id":24,"file_name":"validation\\img\/PMC4826221__oncotarget-07-4490-g009.jpg","category_id":2,"bbox":[445.2094116211,260.3939208984,51.919708252,20.3629150391],"normalized_bbox":[[445,260],[497,260],[497,280],[445,280]],"startor":"P-CHK1","relation_category":null,"receptor":"UCN-01"},"21":{"image_id":24,"file_name":"validation\\img\/PMC4826221__oncotarget-07-4490-g009.jpg","category_id":0,"bbox":[68.7542266846,408.3265686035,84.0134124756,38.7795410156],"normalized_bbox":[[68,408],[152,408],[152,447],[68,447]],"startor":"P-CDK1","relation_category":null,"receptor":"ARREST"},"22":{"image_id":24,"file_name":"validation\\img\/PMC4826221__oncotarget-07-4490-g009.jpg","category_id":0,"bbox":[196.5286560059,56.194026947,14.0479431152,55.1542396545],"normalized_bbox":[[196,56],[210,56],[210,111],[196,111]],"startor":"GL","relation_category":null,"receptor":"PH2AX"},"23":{"image_id":24,"file_name":"validation\\img\/PMC4826221__oncotarget-07-4490-g009.jpg","category_id":0,"bbox":[165.0091400146,183.8565826416,190.5598907471,84.635269165],"normalized_bbox":[[165,183],[355,183],[355,268],[165,268]],"startor":"P-CHK1","relation_category":null,"receptor":"APOPTOSIS"},"24":{"image_id":24,"file_name":"validation\\img\/PMC4826221__oncotarget-07-4490-g009.jpg","category_id":0,"bbox":[374.0849304199,181.1241760254,15.0696411133,64.3149414062],"normalized_bbox":[[374,181],[389,181],[389,245],[374,245]],"startor":"P-ATMATR","relation_category":null,"receptor":"P-CHK1"},"25":{"image_id":24,"file_name":"validation\\img\/PMC4826221__oncotarget-07-4490-g009.jpg","category_id":0,"bbox":[222.3038482666,116.5555267334,96.1923675537,25.817855835],"normalized_bbox":[[222,116],[318,116],[318,142],[222,142]],"startor":"PH2AX","relation_category":null,"receptor":"P-ATMATR"}}