[{"image_size": [735, 661]}, {"normalized_coordinates": [[577, 84], [656, 84], [656, 96], [577, 96]], "gene_name": "FIBRONECTIN", "coordinates": [577, 84, 79, 12]}, {"normalized_coordinates": [[105, 92], [181, 92], [181, 109], [105, 109]], "gene_name": "CILENGITIDE", "coordinates": [105, 92, 76, 17]}, {"normalized_coordinates": [[395, 115], [458, 115], [458, 133], [395, 133]], "gene_name": "INTEGRINS", "coordinates": [395, 115, 63, 18]}, {"normalized_coordinates": [[276, 253], [302, 253], [302, 266], [276, 266]], "gene_name": "FAK", "coordinates": [276, 253, 26, 13]}, {"normalized_coordinates": [[303, 281], [358, 281], [358, 297], [303, 297]], "gene_name": "PAXILLIN", "coordinates": [303, 281, 55, 16]}, {"normalized_coordinates": [[244, 409], [274, 409], [274, 420], [244, 420]], "gene_name": " AKT", "coordinates": [244, 409, 30, 11]}, {"normalized_coordinates": [[535, 468], [585, 468], [585, 482], [535, 482]], "gene_name": "MMP2", "coordinates": [535, 468, 50, 14]}, {"normalized_coordinates": [[52, 486], [78, 486], [78, 500], [52, 500]], "gene_name": "ERK", "coordinates": [52, 486, 26, 14]}, {"normalized_coordinates": [[534, 492], [585, 492], [585, 507], [534, 507]], "gene_name": "MMP9", "coordinates": [534, 492, 51, 15]}, {"normalized_coordinates": [[427, 507], [465, 507], [465, 519], [427, 519]], "gene_name": "SOX-2", "coordinates": [427, 507, 38, 12]}, {"normalized_coordinates": [[205, 537], [231, 537], [231, 551], [205, 551]], "gene_name": "P53", "coordinates": [205, 537, 26, 14]}, {"normalized_coordinates": [[22, 584], [64, 584], [64, 599], [22, 599]], "gene_name": "CYCLIN", "coordinates": [22, 584, 42, 15]}, {"normalized_coordinates": [[70, 581], [93, 581], [93, 599], [70, 599]], "gene_name": " D1", "coordinates": [70, 581, 23, 18]}, {"normalized_coordinates": [[337, 585], [369, 585], [369, 602], [337, 602]], "gene_name": "P-GP", "coordinates": [337, 585, 32, 17]}, {"normalized_coordinates": [[160, 629], [230, 629], [230, 642], [160, 642]], "gene_name": "APOPTOSIS", "coordinates": [160, 629, 70, 13]}, {"normalized_coordinates": [[395, 626], [498, 626], [498, 640], [395, 640]], "gene_name": "DIFFERENTIATION", "coordinates": [395, 626, 103, 14]}, {"normalized_coordinates": [[510, 667], [532, 667], [532, 679], [510, 679]], "gene_name": "CELL", "coordinates": [510, 667, 22, 12]}, {"normalized_coordinates": [[539, 667], [622, 667], [622, 680], [539, 680]], "gene_name": "ATTACHMENT", "coordinates": [539, 667, 83, 13]}, {"normalized_coordinates": [[4, 677], [92, 677], [92, 693], [4, 693]], "gene_name": "PROLIFERATION", "coordinates": [4, 677, 88, 16]}, {"normalized_coordinates": [[230, 719], [353, 719], [353, 732], [230, 732]], "gene_name": "CHEMORESISTANCE", "coordinates": [230, 719, 123, 13]}]