[{"image_size": [221, 776]}, {"normalized_coordinates": [[9, 11], [38, 11], [38, 17], [9, 17]], "gene_name": "YWHAZ", "coordinates": [9, 11, 29, 6]}, {"normalized_coordinates": [[85, 11], [113, 11], [113, 17], [85, 17]], "gene_name": "CALMI", "coordinates": [85, 11, 28, 6]}, {"normalized_coordinates": [[162, 11], [187, 11], [187, 17], [162, 17]], "gene_name": "FGFR3", "coordinates": [162, 11, 25, 6]}, {"normalized_coordinates": [[283, 38], [306, 38], [306, 45], [283, 45]], "gene_name": "ITGBS", "coordinates": [283, 38, 23, 7]}, {"normalized_coordinates": [[389, 38], [417, 38], [417, 44], [389, 44]], "gene_name": "LAMA2", "coordinates": [389, 38, 28, 6]}, {"normalized_coordinates": [[466, 38], [487, 38], [487, 44], [466, 44]], "gene_name": "GRB2", "coordinates": [466, 38, 21, 6]}, {"normalized_coordinates": [[665, 38], [690, 38], [690, 44], [665, 44]], "gene_name": "FGFR4", "coordinates": [665, 38, 25, 6]}, {"normalized_coordinates": [[741, 37], [764, 37], [764, 46], [741, 46]], "gene_name": "PRKCI", "coordinates": [741, 37, 23, 9]}, {"normalized_coordinates": [[531, 83], [552, 83], [552, 89], [531, 89]], "gene_name": "AKTI", "coordinates": [531, 83, 21, 6]}, {"normalized_coordinates": [[151, 87], [188, 87], [188, 102], [151, 102]], "gene_name": "(COLAAS", "coordinates": [151, 87, 37, 15]}, {"normalized_coordinates": [[10, 91], [32, 91], [32, 97], [10, 97]], "gene_name": " CDH1", "coordinates": [10, 91, 22, 6]}, {"normalized_coordinates": [[87, 91], [107, 91], [107, 97], [87, 97]], "gene_name": "HRAS", "coordinates": [87, 91, 20, 6]}, {"normalized_coordinates": [[233, 100], [254, 100], [254, 106], [233, 106]], "gene_name": "SGKI", "coordinates": [233, 100, 21, 6]}, {"normalized_coordinates": [[377, 115], [398, 115], [398, 122], [377, 122]], "gene_name": "TSC2", "coordinates": [377, 115, 21, 7]}, {"normalized_coordinates": [[663, 117], [690, 117], [690, 123], [663, 123]], "gene_name": "RAPIA", "coordinates": [663, 117, 27, 6]}, {"normalized_coordinates": [[730, 115], [772, 115], [772, 125], [730, 125]], "gene_name": "PPP2R3A", "coordinates": [730, 115, 42, 10]}, {"normalized_coordinates": [[590, 134], [615, 134], [615, 141], [590, 141]], "gene_name": "FGFR2", "coordinates": [590, 134, 25, 7]}, {"normalized_coordinates": [[181, 161], [212, 161], [212, 179], [181, 179]], "gene_name": "CCNDI", "coordinates": [181, 161, 31, 18]}, {"normalized_coordinates": [[358, 193], [378, 193], [378, 199], [358, 199]], "gene_name": "PTEN", "coordinates": [358, 193, 20, 6]}, {"normalized_coordinates": [[130, 203], [146, 203], [146, 209], [130, 209]], "gene_name": "KDR", "coordinates": [130, 203, 16, 6]}]