[{"image_size": [444, 600]}, {"normalized_coordinates": [[253, 27], [335, 27], [335, 46], [253, 46]], "gene_name": "ITSN-L", "coordinates": [253, 27, 82, 19]}, {"normalized_coordinates": [[46, 141], [83, 141], [83, 155], [46, 155]], "gene_name": "WIP", "coordinates": [46, 141, 37, 14]}, {"normalized_coordinates": [[255, 140], [334, 140], [334, 154], [255, 154]], "gene_name": "N-WASP", "coordinates": [255, 140, 79, 14]}, {"normalized_coordinates": [[496, 141], [555, 141], [555, 158], [496, 158]], "gene_name": "CDC42", "coordinates": [496, 141, 59, 17]}, {"normalized_coordinates": [[43, 234], [130, 234], [130, 248], [43, 248]], "gene_name": "CORTACTIN", "coordinates": [43, 234, 87, 14]}, {"normalized_coordinates": [[265, 263], [326, 263], [326, 281], [265, 281]], "gene_name": "ARP2ARP3", "coordinates": [265, 263, 61, 18]}, {"normalized_coordinates": [[256, 285], [336, 285], [336, 304], [256, 304]], "gene_name": "COMPLEX", "coordinates": [256, 285, 80, 19]}, {"normalized_coordinates": [[271, 385], [319, 385], [319, 399], [271, 399]], "gene_name": " CACTIN", "coordinates": [271, 385, 48, 14]}, {"normalized_coordinates": [[226, 409], [366, 409], [366, 427], [226, 427]], "gene_name": "POLYMERIZATION", "coordinates": [226, 409, 140, 18]}]