{"20":{"image_id":34,"file_name":"validation\\img\/PMC5850946__12859_2018_2036_Fig5_HTML.jpg","category_id":2,"bbox":[489.7078552246,48.7931480408,38.1522521973,31.528377533],"normalized_bbox":[[489,48],[527,48],[527,80],[489,80]],"startor":"GRB2","relation_category":null,"receptor":"AKTI"},"21":{"image_id":34,"file_name":"validation\\img\/PMC5850946__12859_2018_2036_Fig5_HTML.jpg","category_id":2,"bbox":[196.8546142578,114.18359375,41.4529571533,46.7763366699],"normalized_bbox":[[196,114],[238,114],[238,160],[196,160]],"startor":"SGKI","relation_category":null,"receptor":"CCNDI"},"22":{"image_id":34,"file_name":"validation\\img\/PMC5850946__12859_2018_2036_Fig5_HTML.jpg","category_id":2,"bbox":[553.8005371094,95.4133987427,37.2861328125,31.3996429443],"normalized_bbox":[[553,95],[591,95],[591,126],[553,126]],"startor":"FGFR2","relation_category":null,"receptor":"AKTI"},"23":{"image_id":34,"file_name":"validation\\img\/PMC5850946__12859_2018_2036_Fig5_HTML.jpg","category_id":2,"bbox":[665.2291870117,55.1728401184,23.2286376953,51.2282905579],"normalized_bbox":[[665,55],[688,55],[688,106],[665,106]],"startor":"FGFR4","relation_category":null,"receptor":"RAPIA"},"24":{"image_id":34,"file_name":"validation\\img\/PMC5850946__12859_2018_2036_Fig5_HTML.jpg","category_id":2,"bbox":[360.9260253906,131.1435089111,27.6865844727,52.8953552246],"normalized_bbox":[[360,131],[388,131],[388,184],[360,184]],"startor":"TSC2","relation_category":null,"receptor":"PTEN"},"25":{"image_id":34,"file_name":"validation\\img\/PMC5850946__12859_2018_2036_Fig5_HTML.jpg","category_id":2,"bbox":[251.0326080322,50.4979972839,40.4998931885,42.600933075],"normalized_bbox":[[251,50],[291,50],[291,93],[251,93]],"startor":"SGKI","relation_category":null,"receptor":"ITGBS"},"26":{"image_id":34,"file_name":"validation\\img\/PMC5850946__12859_2018_2036_Fig5_HTML.jpg","category_id":2,"bbox":[157.2343902588,175.007598877,28.5485839844,23.0349121094],"normalized_bbox":[[157,175],[185,175],[185,198],[157,198]],"startor":"KDR","relation_category":null,"receptor":"CCNDI"},"27":{"image_id":34,"file_name":"validation\\img\/PMC5850946__12859_2018_2036_Fig5_HTML.jpg","category_id":2,"bbox":[9.6580963135,28.6355247498,25.967716217,52.6584892273],"normalized_bbox":[[9,28],[35,28],[35,81],[9,81]],"startor":" CDH1","relation_category":null,"receptor":"YWHAZ"},"28":{"image_id":34,"file_name":"validation\\img\/PMC5850946__12859_2018_2036_Fig5_HTML.jpg","category_id":2,"bbox":[86.1330566406,28.4186992645,25.6158065796,52.9603118896],"normalized_bbox":[[86,28],[111,28],[111,81],[86,81]],"startor":"HRAS","relation_category":null,"receptor":"CALMI"},"29":{"image_id":34,"file_name":"validation\\img\/PMC5850946__12859_2018_2036_Fig5_HTML.jpg","category_id":0,"bbox":[165.6401824951,30.2399082184,17.2833099365,49.854095459],"normalized_bbox":[[165,30],[182,30],[182,80],[165,80]],"startor":"(COLAAS","relation_category":null,"receptor":"FGFR3"},"30":{"image_id":34,"file_name":"validation\\img\/PMC5850946__12859_2018_2036_Fig5_HTML.jpg","category_id":0,"bbox":[383.0692138672,54.7325820923,23.0234069824,52.7058410645],"normalized_bbox":[[383,54],[406,54],[406,107],[383,107]],"startor":"TSC2","relation_category":null,"receptor":"LAMA2"},"31":{"image_id":34,"file_name":"validation\\img\/PMC5850946__12859_2018_2036_Fig5_HTML.jpg","category_id":0,"bbox":[745.2906494141,53.3247108459,13.9085083008,51.4271430969],"normalized_bbox":[[745,53],[759,53],[759,104],[745,104]],"startor":"PRKCI","relation_category":null,"receptor":"PPP2R3A"}}