{"19":{"image_id":29,"file_name":"validation\\img\/PMC5404978__nihms860625f10.jpg","category_id":0,"bbox":[263.5590209961,393.2578430176,83.2561035156,162.1264343262],"normalized_bbox":[[263,393],[346,393],[346,555],[263,555]],"startor":"AMPK","relation_category":null,"receptor":"S93"},"20":{"image_id":29,"file_name":"validation\\img\/PMC5404978__nihms860625f10.jpg","category_id":0,"bbox":[560.2450561523,468.7210998535,70.0980224609,61.6520690918],"normalized_bbox":[[560,468],[630,468],[630,530],[560,530]],"startor":"TORC1","relation_category":null,"receptor":"S757"},"22":{"image_id":29,"file_name":"validation\\img\/PMC5404978__nihms860625f10.jpg","category_id":0,"bbox":[146.0665588379,658.9372558594,66.533782959,187.2182617188],"normalized_bbox":[[146,658],[212,658],[212,846],[146,846]],"startor":"BECN1","relation_category":null,"receptor":"SQSTM1"},"23":{"image_id":29,"file_name":"validation\\img\/PMC5404978__nihms860625f10.jpg","category_id":0,"bbox":[342.4582824707,288.4909362793,25.1522827148,41.4212646484],"normalized_bbox":[[342,288],[367,288],[367,329],[342,329]],"startor":"FOX01","relation_category":null,"receptor":"AMPK"},"24":{"image_id":29,"file_name":"validation\\img\/PMC5404978__nihms860625f10.jpg","category_id":2,"bbox":[411.9054870605,355.4017028809,184.8539123535,95.6374511719],"normalized_bbox":[[411,355],[596,355],[596,451],[411,451]],"startor":"AMPK","relation_category":null,"receptor":"1"},"25":{"image_id":29,"file_name":"validation\\img\/PMC5404978__nihms860625f10.jpg","category_id":0,"bbox":[313.368347168,535.3949584961,166.1084594727,87.2673339844],"normalized_bbox":[[313,535],[479,535],[479,622],[313,622]],"startor":"ULK","relation_category":null,"receptor":"S93"},"26":{"image_id":29,"file_name":"validation\\img\/PMC5404978__nihms860625f10.jpg","category_id":0,"bbox":[343.4093933105,231.0668640137,22.8528442383,41.2120361328],"normalized_bbox":[[343,231],[366,231],[366,272],[343,272]],"startor":"AMPK","relation_category":null,"receptor":"FOX01"},"27":{"image_id":29,"file_name":"validation\\img\/PMC5404978__nihms860625f10.jpg","category_id":0,"bbox":[239.2739715576,659.8294677734,93.7061920166,186.1959228516],"normalized_bbox":[[239,659],[332,659],[332,846],[239,846]],"startor":"BECN1","relation_category":null,"receptor":"LC3B"},"28":{"image_id":29,"file_name":"validation\\img\/PMC5404978__nihms860625f10.jpg","category_id":0,"bbox":[768.4271240234,392.0889587402,26.2921142578,81.7991943359],"normalized_bbox":[[768,392],[794,392],[794,473],[768,473]],"startor":"1","relation_category":null,"receptor":"TORC1"},"29":{"image_id":29,"file_name":"validation\\img\/PMC5404978__nihms860625f10.jpg","category_id":0,"bbox":[273.9898376465,653.4999389648,199.647644043,191.0882568359],"normalized_bbox":[[273,653],[473,653],[473,844],[273,844]],"startor":"S14","relation_category":null,"receptor":"ATG7"},"30":{"image_id":29,"file_name":"validation\\img\/PMC5404978__nihms860625f10.jpg","category_id":0,"bbox":[342.7764587402,105.9677581787,23.6583251953,40.818359375],"normalized_bbox":[[342,105],[366,105],[366,146],[342,146]],"startor":"ETOH","relation_category":null,"receptor":"FOX01"},"31":{"image_id":29,"file_name":"validation\\img\/PMC5404978__nihms860625f10.jpg","category_id":0,"bbox":[256.9582519531,324.5570373535,32.0798339844,78.4957885742],"normalized_bbox":[[256,324],[289,324],[289,403],[256,403]],"startor":"S164","relation_category":null,"receptor":"AMPK"},"32":{"image_id":29,"file_name":"validation\\img\/PMC5404978__nihms860625f10.jpg","category_id":0,"bbox":[246.4310302734,148.7266540527,29.8435058594,77.2520446777],"normalized_bbox":[[246,148],[276,148],[276,225],[246,225]],"startor":"AMPK","relation_category":null,"receptor":"FOX01"},"33":{"image_id":29,"file_name":"validation\\img\/PMC5404978__nihms860625f10.jpg","category_id":0,"bbox":[341.3897399902,59.6670913696,27.1828613281,34.7597045898],"normalized_bbox":[[341,59],[368,59],[368,94],[341,94]],"startor":"FOX01","relation_category":null,"receptor":"ETOH"}}