[{"image_size": [433, 690]}, {"normalized_coordinates": [[55, 12], [82, 12], [82, 23], [55, 23]], "gene_name": " PTCH", "coordinates": [55, 12, 27, 11]}, {"normalized_coordinates": [[198, 13], [230, 13], [230, 23], [198, 23]], "gene_name": "SMO", "coordinates": [198, 13, 32, 10]}, {"normalized_coordinates": [[339, 13], [357, 13], [357, 29], [339, 29]], "gene_name": "HH", "coordinates": [339, 13, 18, 16]}, {"normalized_coordinates": [[362, 16], [399, 16], [399, 31], [362, 31]], "gene_name": "LIGANDS", "coordinates": [362, 16, 37, 15]}, {"normalized_coordinates": [[463, 14], [490, 14], [490, 25], [463, 25]], "gene_name": " PTCH", "coordinates": [463, 14, 27, 11]}, {"normalized_coordinates": [[606, 15], [638, 15], [638, 25], [606, 25]], "gene_name": "SMO", "coordinates": [606, 15, 32, 10]}, {"normalized_coordinates": [[131, 158], [151, 158], [151, 168], [131, 168]], "gene_name": "GLI", "coordinates": [131, 158, 20, 10]}, {"normalized_coordinates": [[537, 157], [557, 157], [557, 170], [537, 170]], "gene_name": "GLI", "coordinates": [537, 157, 20, 13]}, {"normalized_coordinates": [[110, 176], [174, 176], [174, 194], [110, 194]], "gene_name": "(GLI13)(GLI12(GLI1", "coordinates": [110, 176, 64, 18]}, {"normalized_coordinates": [[515, 178], [579, 178], [579, 192], [515, 192]], "gene_name": "(GLI13)(GLI12(GLI1", "coordinates": [515, 178, 64, 14]}, {"normalized_coordinates": [[14, 272], [60, 272], [60, 282], [14, 282]], "gene_name": "NUCLEUS", "coordinates": [14, 272, 46, 10]}, {"normalized_coordinates": [[428, 270], [475, 270], [475, 283], [428, 283]], "gene_name": "NUCLEUS", "coordinates": [428, 270, 47, 13]}, {"normalized_coordinates": [[98, 333], [141, 333], [141, 345], [98, 345]], "gene_name": "TARGET", "coordinates": [98, 333, 43, 12]}, {"normalized_coordinates": [[146, 336], [185, 336], [185, 346], [146, 346]], "gene_name": "GENES", "coordinates": [146, 336, 39, 10]}, {"normalized_coordinates": [[509, 333], [551, 333], [551, 345], [509, 345]], "gene_name": "TARGET", "coordinates": [509, 333, 42, 12]}, {"normalized_coordinates": [[557, 335], [596, 335], [596, 345], [557, 345]], "gene_name": "GENES", "coordinates": [557, 335, 39, 10]}, {"normalized_coordinates": [[251, 408], [256, 408], [256, 415], [251, 415]], "gene_name": "A", "coordinates": [251, 408, 5, 7]}, {"normalized_coordinates": [[657, 403], [664, 403], [664, 413], [657, 413]], "gene_name": " B", "coordinates": [657, 403, 7, 10]}]