{"5":{"image_id":30,"file_name":"validation\\img\/PMC5482458__pone.0179614.g005.jpg","category_id":0,"bbox":[196.6889343262,119.1095046997,74.977142334,78.6249923706],"normalized_bbox":[[196,119],[271,119],[271,197],[196,197]],"startor":"LIPO-PGE1","relation_category":null,"receptor":"ERK1ERK2"},"6":{"image_id":30,"file_name":"validation\\img\/PMC5482458__pone.0179614.g005.jpg","category_id":0,"bbox":[321.1748046875,285.4390258789,84.683013916,80.7964782715],"normalized_bbox":[[321,285],[405,285],[405,366],[321,366]],"startor":"ERK1ERK2","relation_category":null,"receptor":" ETS-1"},"8":{"image_id":30,"file_name":"validation\\img\/PMC5482458__pone.0179614.g005.jpg","category_id":0,"bbox":[264.610534668,408.8601379395,90.3520812988,36.1815185547],"normalized_bbox":[[264,408],[354,408],[354,445],[264,445]],"startor":"ERK1ERK2","relation_category":null,"receptor":" ETS-1"},"9":{"image_id":30,"file_name":"validation\\img\/PMC5482458__pone.0179614.g005.jpg","category_id":0,"bbox":[414.7986755371,409.6958618164,74.2609558105,33.0333862305],"normalized_bbox":[[414,409],[489,409],[489,442],[414,442]],"startor":"ERK1ERK2","relation_category":null,"receptor":" ETS-1"},"11":{"image_id":30,"file_name":"validation\\img\/PMC5482458__pone.0179614.g005.jpg","category_id":0,"bbox":[360.6535339355,534.8110351562,32.4585266113,145.7152709961],"normalized_bbox":[[360,534],[393,534],[393,680],[360,680]],"startor":"COLLAGEN","relation_category":null,"receptor":"PRODUCTION"}}