{"11":{"image_id":32,"file_name":"validation\\img\/PMC5642883__BMRI2017-9592501.008.jpg","category_id":0,"bbox":[340.6098632812,238.758972168,20.3225097656,44.510345459],"normalized_bbox":[[340,238],[360,238],[360,283],[340,283]],"startor":"MEK2MEK1","relation_category":null,"receptor":"ERK1ERK2"},"12":{"image_id":32,"file_name":"validation\\img\/PMC5642883__BMRI2017-9592501.008.jpg","category_id":0,"bbox":[338.7211914062,358.4644775391,20.637298584,62.8635864258],"normalized_bbox":[[338,358],[359,358],[359,421],[338,421]],"startor":"ERK1ERK2","relation_category":null,"receptor":"XS"},"13":{"image_id":32,"file_name":"validation\\img\/PMC5642883__BMRI2017-9592501.008.jpg","category_id":0,"bbox":[340.6301879883,482.0874328613,20.3247375488,71.0444641113],"normalized_bbox":[[340,482],[360,482],[360,553],[340,553]],"startor":"XS","relation_category":null,"receptor":"XS"},"14":{"image_id":32,"file_name":"validation\\img\/PMC5642883__BMRI2017-9592501.008.jpg","category_id":0,"bbox":[411.9885253906,594.633605957,62.3649597168,29.6511230469],"normalized_bbox":[[411,594],[474,594],[474,624],[411,624]],"startor":"TRE","relation_category":null,"receptor":"XS"},"15":{"image_id":32,"file_name":"validation\\img\/PMC5642883__BMRI2017-9592501.008.jpg","category_id":0,"bbox":[336.7604370117,39.3450889587,29.2735290527,117.340713501],"normalized_bbox":[[336,39],[366,39],[366,156],[336,156]],"startor":"TPA","relation_category":null,"receptor":"MEK2MEK1"}}