{"9":{"image_id":26,"file_name":"validation\\img\/PMC5148706__nihms828371f2.jpg","category_id":0,"bbox":[161.0811767578,244.100189209,73.9624786377,43.4654541016],"normalized_bbox":[[161,244],[235,244],[235,287],[161,287]],"startor":"CORTACTIN","relation_category":null,"receptor":"ARP2ARP3"},"10":{"image_id":26,"file_name":"validation\\img\/PMC5148706__nihms828371f2.jpg","category_id":0,"bbox":[134.9859466553,140.4640197754,56.1260070801,18.5536804199],"normalized_bbox":[[134,140],[191,140],[191,159],[134,159]],"startor":"N-WASP","relation_category":null,"receptor":"WIP"},"11":{"image_id":26,"file_name":"validation\\img\/PMC5148706__nihms828371f2.jpg","category_id":0,"bbox":[285.1841430664,317.5757751465,20.5048828125,47.2333984375],"normalized_bbox":[[285,317],[305,317],[305,364],[285,364]],"startor":"COMPLEX","relation_category":null,"receptor":" CACTIN"},"12":{"image_id":26,"file_name":"validation\\img\/PMC5148706__nihms828371f2.jpg","category_id":0,"bbox":[54.2723121643,174.1166381836,38.0808296204,41.4211425781],"normalized_bbox":[[54,174],[92,174],[92,215],[54,215]],"startor":"WIP","relation_category":null,"receptor":"CORTACTIN"},"13":{"image_id":26,"file_name":"validation\\img\/PMC5148706__nihms828371f2.jpg","category_id":0,"bbox":[395.475402832,139.2550506592,59.4524841309,16.1405792236],"normalized_bbox":[[395,139],[454,139],[454,155],[395,155]],"startor":"N-WASP","relation_category":null,"receptor":"CDC42"},"14":{"image_id":26,"file_name":"validation\\img\/PMC5148706__nihms828371f2.jpg","category_id":0,"bbox":[283.8415222168,70.7603225708,20.8578186035,47.115020752],"normalized_bbox":[[283,70],[304,70],[304,117],[283,117]],"startor":"ITSN-L","relation_category":null,"receptor":"N-WASP"},"15":{"image_id":26,"file_name":"validation\\img\/PMC5148706__nihms828371f2.jpg","category_id":0,"bbox":[103.2187042236,69.6287994385,196.511428833,63.5175476074],"normalized_bbox":[[103,69],[299,69],[299,133],[103,133]],"startor":"ITSN-L","relation_category":null,"receptor":"WIP"},"16":{"image_id":26,"file_name":"validation\\img\/PMC5148706__nihms828371f2.jpg","category_id":0,"bbox":[288.4426879883,69.0121688843,192.6668701172,63.6856613159],"normalized_bbox":[[288,69],[481,69],[481,132],[288,132]],"startor":"N-WASP","relation_category":null,"receptor":"CDC42"},"17":{"image_id":26,"file_name":"validation\\img\/PMC5148706__nihms828371f2.jpg","category_id":0,"bbox":[150.8265838623,174.7432250977,146.0251312256,50.9546508789],"normalized_bbox":[[150,174],[296,174],[296,225],[150,225]],"startor":"N-WASP","relation_category":null,"receptor":"CORTACTIN"},"18":{"image_id":26,"file_name":"validation\\img\/PMC5148706__nihms828371f2.jpg","category_id":0,"bbox":[282.5706787109,171.8654327393,20.4549865723,70.4092254639],"normalized_bbox":[[282,171],[303,171],[303,242],[282,242]],"startor":"N-WASP","relation_category":null,"receptor":"ARP2ARP3"}}