{"15":{"image_id":28,"file_name":"validation\\img\/PMC5241026__nihms839270f8.jpg","category_id":2,"bbox":[50.6884307861,233.8599700928,52.3574447632,154.7838287354],"normalized_bbox":[[50,233],[103,233],[103,388],[50,388]],"startor":"F-ACTIN+","relation_category":null,"receptor":"RAB3D"},"16":{"image_id":28,"file_name":"validation\\img\/PMC5241026__nihms839270f8.jpg","category_id":2,"bbox":[436.445892334,559.2733764648,156.8402404785,52.1730957031],"normalized_bbox":[[436,559],[593,559],[593,611],[436,611]],"startor":"RHPN2","relation_category":null,"receptor":"RARYH"},"17":{"image_id":28,"file_name":"validation\\img\/PMC5241026__nihms839270f8.jpg","category_id":2,"bbox":[453.156036377,749.5112304688,149.6703796387,47.6782836914],"normalized_bbox":[[453,749],[602,749],[602,797],[453,797]],"startor":"NOGGIN-","relation_category":null,"receptor":"HBMP4"},"18":{"image_id":28,"file_name":"validation\\img\/PMC5241026__nihms839270f8.jpg","category_id":0,"bbox":[656.0289306641,804.2678833008,38.126159668,80.9780273438],"normalized_bbox":[[656,804],[694,804],[694,885],[656,885]],"startor":"HBMP4","relation_category":null,"receptor":" SMAD1"},"19":{"image_id":28,"file_name":"validation\\img\/PMC5241026__nihms839270f8.jpg","category_id":0,"bbox":[357.4975891113,47.7480964661,38.2741699219,150.8979949951],"normalized_bbox":[[357,47],[395,47],[395,198],[357,198]],"startor":" SYX","relation_category":null,"receptor":"RHOA"},"20":{"image_id":28,"file_name":"validation\\img\/PMC5241026__nihms839270f8.jpg","category_id":0,"bbox":[356.8268127441,606.3706054688,38.9161682129,153.8703613281],"normalized_bbox":[[356,606],[395,606],[395,760],[356,760]],"startor":"RARYH","relation_category":null,"receptor":"NOGGIN-"},"21":{"image_id":28,"file_name":"validation\\img\/PMC5241026__nihms839270f8.jpg","category_id":0,"bbox":[155.2744140625,199.1611633301,156.8488464355,32.5480651855],"normalized_bbox":[[155,199],[312,199],[312,231],[155,231]],"startor":"\u2013","relation_category":null,"receptor":"F-ACTIN+"},"22":{"image_id":28,"file_name":"validation\\img\/PMC5241026__nihms839270f8.jpg","category_id":0,"bbox":[359.0351257324,237.1318359375,35.5213317871,147.2188720703],"normalized_bbox":[[359,237],[394,237],[394,384],[359,384]],"startor":"RHOA","relation_category":null,"receptor":"SIRT1"},"23":{"image_id":28,"file_name":"validation\\img\/PMC5241026__nihms839270f8.jpg","category_id":0,"bbox":[357.7783813477,789.8954467773,35.5590515137,170.0578613281],"normalized_bbox":[[357,789],[393,789],[393,959],[357,959]],"startor":"NOGGIN-","relation_category":null,"receptor":"NEURL"},"24":{"image_id":28,"file_name":"validation\\img\/PMC5241026__nihms839270f8.jpg","category_id":0,"bbox":[232.8060150146,757.4689331055,63.0122833252,33.3663330078],"normalized_bbox":[[232,757],[295,757],[295,790],[232,790]],"startor":"NOGGIN-","relation_category":null,"receptor":"---"}}