[{"image_size": [339, 712]}, {"normalized_coordinates": [[151, 17], [208, 17], [208, 32], [151, 32]], "gene_name": "MST2MST1", "coordinates": [151, 17, 57, 15]}, {"normalized_coordinates": [[159, 91], [219, 91], [219, 106], [159, 106]], "gene_name": "LAST2LAST1", "coordinates": [159, 91, 60, 15]}, {"normalized_coordinates": [[422, 110], [460, 110], [460, 122], [422, 122]], "gene_name": "CTGF", "coordinates": [422, 110, 38, 12]}, {"normalized_coordinates": [[568, 113], [634, 113], [634, 128], [568, 128]], "gene_name": "MIRNA-CTGF", "coordinates": [568, 113, 66, 15]}, {"normalized_coordinates": [[291, 135], [318, 135], [318, 147], [291, 147]], "gene_name": " YAP", "coordinates": [291, 135, 27, 12]}, {"normalized_coordinates": [[405, 147], [473, 147], [473, 152], [405, 152]], "gene_name": " PROSTEIN", "coordinates": [405, 147, 68, 5]}, {"normalized_coordinates": [[81, 148], [108, 148], [108, 162], [81, 162]], "gene_name": " YAP", "coordinates": [81, 148, 27, 14]}, {"normalized_coordinates": [[30, 173], [82, 173], [82, 191], [30, 191]], "gene_name": " 14-3-3", "coordinates": [30, 173, 52, 18]}, {"normalized_coordinates": [[595, 176], [600, 176], [600, 188], [595, 188]], "gene_name": "?", "coordinates": [595, 176, 5, 12]}, {"normalized_coordinates": [[423, 237], [473, 237], [473, 243], [423, 243]], "gene_name": "CTGF", "coordinates": [423, 237, 50, 6]}, {"normalized_coordinates": [[225, 268], [252, 268], [252, 279], [225, 279]], "gene_name": " YAP", "coordinates": [225, 268, 27, 11]}, {"normalized_coordinates": [[417, 274], [475, 274], [475, 279], [417, 279]], "gene_name": "MRNA", "coordinates": [417, 274, 58, 5]}, {"normalized_coordinates": [[245, 295], [285, 295], [285, 306], [245, 306]], "gene_name": "TEAD", "coordinates": [245, 295, 40, 11]}, {"normalized_coordinates": [[388, 314], [425, 314], [425, 326], [388, 326]], "gene_name": "CTGF", "coordinates": [388, 314, 37, 12]}]