{"13":{"image_id":44,"file_name":"validation\\img\/PMC6681686__medscimonit-25-5572-g005.jpg","category_id":2,"bbox":[187.5696716309,375.1887817383,29.3519744873,33.6739807129],"normalized_bbox":[[187,375],[216,375],[216,408],[187,408]],"startor":"PI3K","relation_category":null,"receptor":"LY294002"},"14":{"image_id":44,"file_name":"validation\\img\/PMC6681686__medscimonit-25-5572-g005.jpg","category_id":0,"bbox":[233.9851074219,386.2516784668,67.5244140625,60.8826293945],"normalized_bbox":[[233,386],[301,386],[301,447],[233,447]],"startor":"PI3K","relation_category":null,"receptor":"LY294002"},"15":{"image_id":44,"file_name":"validation\\img\/PMC6681686__medscimonit-25-5572-g005.jpg","category_id":0,"bbox":[433.3155822754,368.7802124023,66.3817443848,37.5372009277],"normalized_bbox":[[433,368],[499,368],[499,406],[433,406]],"startor":" AKT","relation_category":null,"receptor":"PROLIFERATION"},"16":{"image_id":44,"file_name":"validation\\img\/PMC6681686__medscimonit-25-5572-g005.jpg","category_id":0,"bbox":[396.2731323242,84.1855773926,42.6169433594,78.3253326416],"normalized_bbox":[[396,84],[438,84],[438,162],[396,162]],"startor":"EPC","relation_category":null,"receptor":"AMD3100"},"17":{"image_id":44,"file_name":"validation\\img\/PMC6681686__medscimonit-25-5572-g005.jpg","category_id":2,"bbox":[283.428314209,164.5698242188,42.4199829102,46.3450469971],"normalized_bbox":[[283,164],[325,164],[325,210],[283,210]],"startor":"AMD3100","relation_category":null,"receptor":"CXCR4"},"18":{"image_id":44,"file_name":"validation\\img\/PMC6681686__medscimonit-25-5572-g005.jpg","category_id":0,"bbox":[21.110206604,313.9982910156,64.3329620361,131.2538146973],"normalized_bbox":[[21,313],[85,313],[85,445],[21,445]],"startor":"GB","relation_category":null,"receptor":"PI3K"}}