[{"image_size": [480, 640]}, {"normalized_coordinates": [[479, 80], [508, 80], [508, 90], [479, 90]], "gene_name": "EPC", "coordinates": [479, 80, 29, 10]}, {"normalized_coordinates": [[84, 124], [116, 124], [116, 135], [84, 135]], "gene_name": "OPG", "coordinates": [84, 124, 32, 11]}, {"normalized_coordinates": [[287, 135], [353, 135], [353, 153], [287, 153]], "gene_name": "AMD3100", "coordinates": [287, 135, 66, 18]}, {"normalized_coordinates": [[231, 212], [282, 212], [282, 223], [231, 223]], "gene_name": "CXCR4", "coordinates": [231, 212, 51, 11]}, {"normalized_coordinates": [[160, 289], [174, 289], [174, 297], [160, 297]], "gene_name": "GA", "coordinates": [160, 289, 14, 8]}, {"normalized_coordinates": [[122, 311], [136, 311], [136, 321], [122, 321]], "gene_name": "GB", "coordinates": [122, 311, 14, 10]}, {"normalized_coordinates": [[179, 345], [245, 345], [245, 362], [179, 362]], "gene_name": "LY294002", "coordinates": [179, 345, 66, 17]}, {"normalized_coordinates": [[550, 355], [576, 355], [576, 365], [550, 365]], "gene_name": "CELL", "coordinates": [550, 355, 26, 10]}, {"normalized_coordinates": [[520, 373], [607, 373], [607, 385], [520, 385]], "gene_name": "PROLIFERATION", "coordinates": [520, 373, 87, 12]}, {"normalized_coordinates": [[356, 384], [385, 384], [385, 394], [356, 394]], "gene_name": " AKT", "coordinates": [356, 384, 29, 10]}, {"normalized_coordinates": [[551, 392], [576, 392], [576, 402], [551, 402]], "gene_name": "AND", "coordinates": [551, 392, 25, 10]}, {"normalized_coordinates": [[529, 409], [597, 409], [597, 423], [529, 423]], "gene_name": "MIGRATION", "coordinates": [529, 409, 68, 14]}, {"normalized_coordinates": [[139, 424], [171, 424], [171, 434], [139, 434]], "gene_name": "PI3K", "coordinates": [139, 424, 32, 10]}]