{"15":{"image_id":39,"file_name":"validation\\img\/PMC6307990__gr7.jpg","category_id":0,"bbox":[213.4695281982,228.6902313232,71.7078704834,133.8461151123],"normalized_bbox":[[213,228],[285,228],[285,362],[213,362]],"startor":"P-STAT3","relation_category":null,"receptor":"P-STAT"},"16":{"image_id":39,"file_name":"validation\\img\/PMC6307990__gr7.jpg","category_id":0,"bbox":[318.468170166,115.6415634155,92.4853820801,84.1527481079],"normalized_bbox":[[318,115],[410,115],[410,199],[318,199]],"startor":"ILGR","relation_category":null,"receptor":"P-STAT3"},"17":{"image_id":39,"file_name":"validation\\img\/PMC6307990__gr7.jpg","category_id":0,"bbox":[361.9888916016,374.8471374512,43.2559814453,19.2580871582],"normalized_bbox":[[361,374],[405,374],[405,394],[361,394]],"startor":"IDO1","relation_category":null,"receptor":"IL6"},"19":{"image_id":39,"file_name":"validation\\img\/PMC6307990__gr7.jpg","category_id":0,"bbox":[76.7510910034,301.3351135254,23.9371948242,52.4158325195],"normalized_bbox":[[76,301],[100,301],[100,353],[76,353]],"startor":" PD-L1","relation_category":null,"receptor":"EMT"},"20":{"image_id":39,"file_name":"validation\\img\/PMC6307990__gr7.jpg","category_id":0,"bbox":[458.335723877,249.4375152588,54.621673584,18.0534210205],"normalized_bbox":[[458,249],[512,249],[512,267],[458,267]],"startor":"TRYPTOPHAN","relation_category":null,"receptor":"IDO1"},"21":{"image_id":39,"file_name":"validation\\img\/PMC6307990__gr7.jpg","category_id":0,"bbox":[420.0154724121,200.2935943604,39.1399841309,37.0675201416],"normalized_bbox":[[420,200],[459,200],[459,237],[420,237]],"startor":"TRYPTOPHAN","relation_category":null,"receptor":"IDO1"},"22":{"image_id":39,"file_name":"validation\\img\/PMC6307990__gr7.jpg","category_id":0,"bbox":[116.0790557861,299.3339233398,35.3169250488,56.7464904785],"normalized_bbox":[[116,299],[151,299],[151,356],[116,356]],"startor":" PD-L1","relation_category":null,"receptor":"INVASION"},"23":{"image_id":39,"file_name":"validation\\img\/PMC6307990__gr7.jpg","category_id":0,"bbox":[130.8986053467,365.8674926758,81.1313018799,28.2919616699],"normalized_bbox":[[130,365],[212,365],[212,394],[130,394]],"startor":"P-STAT","relation_category":null,"receptor":" PD-L1"},"24":{"image_id":39,"file_name":"validation\\img\/PMC6307990__gr7.jpg","category_id":0,"bbox":[343.9801940918,237.0367584229,104.7384643555,130.6441802979],"normalized_bbox":[[343,237],[448,237],[448,367],[343,367]],"startor":"IDO1","relation_category":null,"receptor":"IDO1"},"25":{"image_id":39,"file_name":"validation\\img\/PMC6307990__gr7.jpg","category_id":2,"bbox":[344.144744873,237.4807128906,104.2206420898,130.2579040527],"normalized_bbox":[[344,237],[448,237],[448,367],[344,367]],"startor":"IDO1","relation_category":null,"receptor":"IDO1"}}